ISO-10303-21;
HEADER;
FILE_DESCRIPTION(('FreeCAD Model'),'2;1');
FILE_NAME('Open CASCADE Shape Model','2026-07-01T19:54:55',('Author'),(
    ''),'Open CASCADE STEP processor 7.8','FreeCAD','Unknown');
FILE_SCHEMA(('AUTOMOTIVE_DESIGN { 1 0 10303 214 1 1 1 1 }'));
ENDSEC;
DATA;
#1 = APPLICATION_PROTOCOL_DEFINITION('international standard',
  'automotive_design',2000,#2);
#2 = APPLICATION_CONTEXT(
  'core data for automotive mechanical design processes');
#3 = SHAPE_DEFINITION_REPRESENTATION(#4,#10);
#4 = PRODUCT_DEFINITION_SHAPE('','',#5);
#5 = PRODUCT_DEFINITION('design','',#6,#9);
#6 = PRODUCT_DEFINITION_FORMATION('','',#7);
#7 = PRODUCT('Zawartość','Zawartość','',(#8));
#8 = PRODUCT_CONTEXT('',#2,'mechanical');
#9 = PRODUCT_DEFINITION_CONTEXT('part definition',#2,'design');
#10 = ADVANCED_BREP_SHAPE_REPRESENTATION('',(#11,#15),#2350);
#11 = AXIS2_PLACEMENT_3D('',#12,#13,#14);
#12 = CARTESIAN_POINT('',(0.,0.,0.));
#13 = DIRECTION('',(0.,0.,1.));
#14 = DIRECTION('',(1.,0.,-0.));
#15 = MANIFOLD_SOLID_BREP('',#16);
#16 = CLOSED_SHELL('',(#17,#161,#187,#349,#386,#412,#438,#464,#490,#516,
    #542,#573,#597,#621,#638,#663,#1729,#1754,#1781,#1806,#1831,#1856,
    #1881,#1906,#1918,#1938,#1958,#1978,#1998,#2018,#2038,#2058,#2078,
    #2103,#2128,#2153,#2178,#2203,#2228,#2253,#2278,#2287,#2296,#2305,
    #2314,#2323,#2332,#2341));
#17 = ADVANCED_FACE('',(#18,#29,#67,#78,#89,#100,#111,#122),#156,.T.);
#18 = FACE_BOUND('',#19,.T.);
#19 = EDGE_LOOP('',(#20));
#20 = ORIENTED_EDGE('',*,*,#21,.F.);
#21 = EDGE_CURVE('',#22,#22,#24,.T.);
#22 = VERTEX_POINT('',#23);
#23 = CARTESIAN_POINT('',(160.46,-169.92,2.));
#24 = CIRCLE('',#25,13.);
#25 = AXIS2_PLACEMENT_3D('',#26,#27,#28);
#26 = CARTESIAN_POINT('',(147.46,-169.92,2.));
#27 = DIRECTION('',(0.,0.,1.));
#28 = DIRECTION('',(1.,0.,0.));
#29 = FACE_BOUND('',#30,.T.);
#30 = EDGE_LOOP('',(#31,#42,#51,#60));
#31 = ORIENTED_EDGE('',*,*,#32,.F.);
#32 = EDGE_CURVE('',#33,#35,#37,.T.);
#33 = VERTEX_POINT('',#34);
#34 = CARTESIAN_POINT('',(69.5,-146.,2.));
#35 = VERTEX_POINT('',#36);
#36 = CARTESIAN_POINT('',(51.992470603138,-158.1935301999,2.));
#37 = CIRCLE('',#38,13.);
#38 = AXIS2_PLACEMENT_3D('',#39,#40,#41);
#39 = CARTESIAN_POINT('',(56.5,-146.,2.));
#40 = DIRECTION('',(0.,0.,1.));
#41 = DIRECTION('',(1.,0.,0.));
#42 = ORIENTED_EDGE('',*,*,#43,.F.);
#43 = EDGE_CURVE('',#44,#33,#46,.T.);
#44 = VERTEX_POINT('',#45);
#45 = CARTESIAN_POINT('',(58.962461133921,-158.7646498253,2.));
#46 = CIRCLE('',#47,13.);
#47 = AXIS2_PLACEMENT_3D('',#48,#49,#50);
#48 = CARTESIAN_POINT('',(56.5,-146.,2.));
#49 = DIRECTION('',(0.,0.,1.));
#50 = DIRECTION('',(1.,0.,0.));
#51 = ORIENTED_EDGE('',*,*,#52,.F.);
#52 = EDGE_CURVE('',#53,#44,#55,.T.);
#53 = VERTEX_POINT('',#54);
#54 = CARTESIAN_POINT('',(66.54,-169.92,2.));
#55 = CIRCLE('',#56,12.);
#56 = AXIS2_PLACEMENT_3D('',#57,#58,#59);
#57 = CARTESIAN_POINT('',(54.54,-169.92,2.));
#58 = DIRECTION('',(0.,0.,1.));
#59 = DIRECTION('',(1.,0.,0.));
#60 = ORIENTED_EDGE('',*,*,#61,.F.);
#61 = EDGE_CURVE('',#35,#53,#62,.T.);
#62 = CIRCLE('',#63,12.);
#63 = AXIS2_PLACEMENT_3D('',#64,#65,#66);
#64 = CARTESIAN_POINT('',(54.54,-169.92,2.));
#65 = DIRECTION('',(0.,0.,1.));
#66 = DIRECTION('',(1.,0.,0.));
#67 = FACE_BOUND('',#68,.T.);
#68 = EDGE_LOOP('',(#69));
#69 = ORIENTED_EDGE('',*,*,#70,.F.);
#70 = EDGE_CURVE('',#71,#71,#73,.T.);
#71 = VERTEX_POINT('',#72);
#72 = CARTESIAN_POINT('',(144.5,-146.,2.));
#73 = CIRCLE('',#74,13.);
#74 = AXIS2_PLACEMENT_3D('',#75,#76,#77);
#75 = CARTESIAN_POINT('',(131.5,-146.,2.));
#76 = DIRECTION('',(0.,0.,1.));
#77 = DIRECTION('',(1.,0.,0.));
#78 = FACE_BOUND('',#79,.T.);
#79 = EDGE_LOOP('',(#80));
#80 = ORIENTED_EDGE('',*,*,#81,.F.);
#81 = EDGE_CURVE('',#82,#82,#84,.T.);
#82 = VERTEX_POINT('',#83);
#83 = CARTESIAN_POINT('',(156.4,-116.499805,2.));
#84 = CIRCLE('',#85,12.);
#85 = AXIS2_PLACEMENT_3D('',#86,#87,#88);
#86 = CARTESIAN_POINT('',(144.4,-116.499805,2.));
#87 = DIRECTION('',(0.,0.,1.));
#88 = DIRECTION('',(1.,0.,0.));
#89 = FACE_BOUND('',#90,.T.);
#90 = EDGE_LOOP('',(#91));
#91 = ORIENTED_EDGE('',*,*,#92,.F.);
#92 = EDGE_CURVE('',#93,#93,#95,.T.);
#93 = VERTEX_POINT('',#94);
#94 = CARTESIAN_POINT('',(68.5,-115.5,2.));
#95 = CIRCLE('',#96,12.);
#96 = AXIS2_PLACEMENT_3D('',#97,#98,#99);
#97 = CARTESIAN_POINT('',(56.5,-115.5,2.));
#98 = DIRECTION('',(0.,0.,1.));
#99 = DIRECTION('',(1.,0.,0.));
#100 = FACE_BOUND('',#101,.T.);
#101 = EDGE_LOOP('',(#102));
#102 = ORIENTED_EDGE('',*,*,#103,.F.);
#103 = EDGE_CURVE('',#104,#104,#106,.T.);
#104 = VERTEX_POINT('',#105);
#105 = CARTESIAN_POINT('',(156.3,-26.,2.));
#106 = CIRCLE('',#107,12.);
#107 = AXIS2_PLACEMENT_3D('',#108,#109,#110);
#108 = CARTESIAN_POINT('',(144.3,-26.,2.));
#109 = DIRECTION('',(0.,0.,1.));
#110 = DIRECTION('',(1.,0.,0.));
#111 = FACE_BOUND('',#112,.T.);
#112 = EDGE_LOOP('',(#113));
#113 = ORIENTED_EDGE('',*,*,#114,.F.);
#114 = EDGE_CURVE('',#115,#115,#117,.T.);
#115 = VERTEX_POINT('',#116);
#116 = CARTESIAN_POINT('',(69.,-26.,2.));
#117 = CIRCLE('',#118,12.);
#118 = AXIS2_PLACEMENT_3D('',#119,#120,#121);
#119 = CARTESIAN_POINT('',(57.,-26.,2.));
#120 = DIRECTION('',(0.,0.,1.));
#121 = DIRECTION('',(1.,0.,0.));
#122 = FACE_BOUND('',#123,.T.);
#123 = EDGE_LOOP('',(#124,#134,#142,#150));
#124 = ORIENTED_EDGE('',*,*,#125,.T.);
#125 = EDGE_CURVE('',#126,#128,#130,.T.);
#126 = VERTEX_POINT('',#127);
#127 = CARTESIAN_POINT('',(31.024227893826,0.,2.));
#128 = VERTEX_POINT('',#129);
#129 = CARTESIAN_POINT('',(31.024227893826,-193.6731999694,2.));
#130 = LINE('',#131,#132);
#131 = CARTESIAN_POINT('',(31.024227893826,0.,2.));
#132 = VECTOR('',#133,1.);
#133 = DIRECTION('',(0.,-1.,0.));
#134 = ORIENTED_EDGE('',*,*,#135,.T.);
#135 = EDGE_CURVE('',#128,#136,#138,.T.);
#136 = VERTEX_POINT('',#137);
#137 = CARTESIAN_POINT('',(171.21320690178,-193.6731999694,2.));
#138 = LINE('',#139,#140);
#139 = CARTESIAN_POINT('',(31.024227893826,-193.6731999694,2.));
#140 = VECTOR('',#141,1.);
#141 = DIRECTION('',(1.,0.,0.));
#142 = ORIENTED_EDGE('',*,*,#143,.T.);
#143 = EDGE_CURVE('',#136,#144,#146,.T.);
#144 = VERTEX_POINT('',#145);
#145 = CARTESIAN_POINT('',(171.21320690178,0.,2.));
#146 = LINE('',#147,#148);
#147 = CARTESIAN_POINT('',(171.21320690178,-193.6731999694,2.));
#148 = VECTOR('',#149,1.);
#149 = DIRECTION('',(0.,1.,0.));
#150 = ORIENTED_EDGE('',*,*,#151,.T.);
#151 = EDGE_CURVE('',#144,#126,#152,.T.);
#152 = LINE('',#153,#154);
#153 = CARTESIAN_POINT('',(171.21320690178,0.,2.));
#154 = VECTOR('',#155,1.);
#155 = DIRECTION('',(-1.,0.,0.));
#156 = PLANE('',#157);
#157 = AXIS2_PLACEMENT_3D('',#158,#159,#160);
#158 = CARTESIAN_POINT('',(101.1187173978,-96.8365999847,2.));
#159 = DIRECTION('',(0.,0.,1.));
#160 = DIRECTION('',(1.,0.,0.));
#161 = ADVANCED_FACE('',(#162),#182,.F.);
#162 = FACE_BOUND('',#163,.T.);
#163 = EDGE_LOOP('',(#164,#173,#174,#175));
#164 = ORIENTED_EDGE('',*,*,#165,.F.);
#165 = EDGE_CURVE('',#22,#166,#168,.T.);
#166 = VERTEX_POINT('',#167);
#167 = CARTESIAN_POINT('',(152.46,-169.92,10.));
#168 = CIRCLE('',#169,8.);
#169 = AXIS2_PLACEMENT_3D('',#170,#171,#172);
#170 = CARTESIAN_POINT('',(160.46,-169.92,10.));
#171 = DIRECTION('',(-0.,1.,0.));
#172 = DIRECTION('',(1.,0.,0.));
#173 = ORIENTED_EDGE('',*,*,#21,.F.);
#174 = ORIENTED_EDGE('',*,*,#165,.T.);
#175 = ORIENTED_EDGE('',*,*,#176,.T.);
#176 = EDGE_CURVE('',#166,#166,#177,.T.);
#177 = CIRCLE('',#178,5.);
#178 = AXIS2_PLACEMENT_3D('',#179,#180,#181);
#179 = CARTESIAN_POINT('',(147.46,-169.92,10.));
#180 = DIRECTION('',(0.,0.,1.));
#181 = DIRECTION('',(1.,0.,0.));
#182 = TOROIDAL_SURFACE('',#183,13.,8.);
#183 = AXIS2_PLACEMENT_3D('',#184,#185,#186);
#184 = CARTESIAN_POINT('',(147.46,-169.92,10.));
#185 = DIRECTION('',(-0.,-0.,-1.));
#186 = DIRECTION('',(1.,0.,0.));
#187 = ADVANCED_FACE('',(#188),#344,.F.);
#188 = FACE_BOUND('',#189,.T.);
#189 = EDGE_LOOP('',(#190,#191,#326,#327,#336,#343));
#190 = ORIENTED_EDGE('',*,*,#32,.T.);
#191 = ORIENTED_EDGE('',*,*,#192,.F.);
#192 = EDGE_CURVE('',#44,#35,#193,.T.);
#193 = ( BOUNDED_CURVE() B_SPLINE_CURVE(14,(#194,#195,#196,#197,#198,
    #199,#200,#201,#202,#203,#204,#205,#206,#207,#208,#209,#210,#211,
    #212,#213,#214,#215,#216,#217,#218,#219,#220,#221,#222,#223,#224,
    #225,#226,#227,#228,#229,#230,#231,#232,#233,#234,#235,#236,#237,
    #238,#239,#240,#241,#242,#243,#244,#245,#246,#247,#248,#249,#250,
    #251,#252,#253,#254,#255,#256,#257,#258,#259,#260,#261,#262,#263,
    #264,#265,#266,#267,#268,#269,#270,#271,#272,#273,#274,#275,#276,
    #277,#278,#279,#280,#281,#282,#283,#284,#285,#286,#287,#288,#289,
    #290,#291,#292,#293,#294,#295,#296,#297,#298,#299,#300,#301,#302,
    #303,#304,#305,#306,#307,#308,#309,#310,#311,#312,#313,#314,#315,
    #316,#317,#318,#319,#320,#321,#322,#323,#324,#325),.UNSPECIFIED.,.F.
,.F.) B_SPLINE_CURVE_WITH_KNOTS((15,13,13,13,13,13,13,13,13,13,15),(
    5.9668001755,6.705998030419,7.075596957879,7.260396421608,
    7.352796153473,7.445195885338,7.537595617203,7.629995349068,
7.814794812798,8.184393740257,8.923591595176),.UNSPECIFIED.) CURVE() 
GEOMETRIC_REPRESENTATION_ITEM() RATIONAL_B_SPLINE_CURVE((1.031393471788,
    1.032166108828,1.032990757958,1.033871650364,1.034814947331,
    1.035828153048,1.036919855716,1.038099795822,1.039379263361,
    1.040771821629,1.042294360311,1.043968475176,1.045822176658,
    1.047891925669,1.051391533663,1.052623552126,1.0539282717,
    1.055312586497,1.056783920174,1.058350900504,1.060023853551,
    1.061815118845,1.063739183684,1.065812638715,1.06805395267,
    1.07048306806,1.073120816515,1.077421823612,1.07891291617,
    1.080463103695,1.082074529974,1.083749183206,1.085488384656,
    1.08729239316,1.089160126725,1.09108899947,1.093074876012,
    1.095112141143,1.097193886678,1.099312214074,1.102531873528,
    1.103612311221,1.104698841408,1.105790423027,1.106886099398,
    1.107984998108,1.109086331183,1.110189394867,1.111293569868,
    1.112398321124,1.113503197992,1.114607834116,1.115711947509,
    1.117918733506,1.119026521899,1.120082321313,1.121393473222,
    1.121859615434,1.124339035561,1.123141791119,1.127211264446,
    1.125231122006,1.12883845826,1.128256344136,1.130071926103,
    1.130909290747,1.130909290748,1.130071926101,1.128256344133,
    1.12883845829,1.125231121927,1.12721126457,1.123141790987,
    1.124339035657,1.121859615387,1.121393473235,1.120082321314,
    1.119026521897,1.117918733507,1.115711947508,1.114607834118,
    1.113503197987,1.112398321133,1.111293569853,1.110189394887,
    1.10908633116,1.107984998128,1.106886099382,1.105790423037,
    1.104698841403,1.103612311223,1.102531873528,1.099312214074,
    1.097193886675,1.09511214115,1.093074875997,1.091088999494,
    1.089160126693,1.087292393195,1.085488384627,1.083749183227,
    1.082074529962,1.0804631037,1.078912916169,1.077421823612,
    1.073120816515,1.070483068058,1.068053952677,1.065812638701,
    1.063739183709,1.061815118813,1.060023853587,1.058350900472,
    1.056783920198,1.055312586483,1.053928271706,1.052623552124,
    1.051391533664,1.047891925669,1.045822176657,1.043968475178,
    1.042294360306,1.040771821637,1.039379263349,1.038099795835,
    1.036919855705,1.035828153057,1.034814947326,1.033871650367,
1.032990757957,1.032166108828,1.031393471788)) REPRESENTATION_ITEM('') 
  );
#194 = CARTESIAN_POINT('',(58.962461133921,-158.7646498253,2.));
#195 = CARTESIAN_POINT('',(58.893707239828,-158.5944903836,
    1.999999999999));
#196 = CARTESIAN_POINT('',(58.824191863612,-158.4180524508,
    2.004425084463));
#197 = CARTESIAN_POINT('',(58.753870920001,-158.2347943308,
    2.013637824954));
#198 = CARTESIAN_POINT('',(58.682681308234,-158.0441406809,
    2.028232554775));
#199 = CARTESIAN_POINT('',(58.610547860456,-157.8454616447,
    2.048958781258));
#200 = CARTESIAN_POINT('',(58.53738685723,-157.6380534461,2.076686192212
    ));
#201 = CARTESIAN_POINT('',(58.46310628773,-157.4211208903,2.11241096413)
  );
#202 = CARTESIAN_POINT('',(58.387603040918,-157.1937622874,
    2.157302951266));
#203 = CARTESIAN_POINT('',(58.310757236646,-156.9549574096,
    2.212793143572));
#204 = CARTESIAN_POINT('',(58.232423920244,-156.7035592136,
    2.280700531146));
#205 = CARTESIAN_POINT('',(58.152422380988,-156.4382902006,
    2.363397139473));
#206 = CARTESIAN_POINT('',(58.070523387431,-156.1577444765,
    2.464009476413));
#207 = CARTESIAN_POINT('',(57.986434693975,-155.8603967888,
    2.586653842072));
#208 = CARTESIAN_POINT('',(57.856604734034,-155.3872572662,
    2.811476042434));
#209 = CARTESIAN_POINT('',(57.812800541853,-155.2254207824,
    2.892991915337));
#210 = CARTESIAN_POINT('',(57.768330931383,-155.0588468461,
    2.982053093156));
#211 = CARTESIAN_POINT('',(57.723143361798,-154.8873718635,
    3.079425814131));
#212 = CARTESIAN_POINT('',(57.677176771514,-154.7108719053,
    3.185935023889));
#213 = CARTESIAN_POINT('',(57.630361946356,-154.5292300707,3.30253945628
    ));
#214 = CARTESIAN_POINT('',(57.582619954673,-154.342331398,3.430385661865
    ));
#215 = CARTESIAN_POINT('',(57.533858628606,-154.1500849053,
    3.570841032782));
#216 = CARTESIAN_POINT('',(57.483967080415,-153.9524722516,
    3.725505908444));
#217 = CARTESIAN_POINT('',(57.432808244051,-153.7496223919,
    3.896204905319));
#218 = CARTESIAN_POINT('',(57.380209446901,-153.5419114451,
    4.084957701134));
#219 = CARTESIAN_POINT('',(57.325951022304,-153.3300868009,
    4.293929640881));
#220 = CARTESIAN_POINT('',(57.269752990085,-153.1154142617,
    4.525362726291));
#221 = CARTESIAN_POINT('',(57.182130018754,-152.7924932727,
    4.909039136317));
#222 = CARTESIAN_POINT('',(57.152439063653,-152.6849582659,
    5.042677416731));
#223 = CARTESIAN_POINT('',(57.122145345207,-152.57750856,5.182570693271)
  );
#224 = CARTESIAN_POINT('',(57.091202134899,-152.4704430249,5.32893309168
    ));
#225 = CARTESIAN_POINT('',(57.059557449112,-152.364114854,5.48195918032)
  );
#226 = CARTESIAN_POINT('',(57.02715460972,-152.2589442597,5.641770799516
    ));
#227 = CARTESIAN_POINT('',(56.993933531453,-152.155421756,5.80837625622)
  );
#228 = CARTESIAN_POINT('',(56.959832743387,-152.0541022258,
    5.981641744073));
#229 = CARTESIAN_POINT('',(56.924792151547,-151.9555899826,
    6.161274803704));
#230 = CARTESIAN_POINT('',(56.888756550392,-151.8605150621,
    6.346819590323));
#231 = CARTESIAN_POINT('',(56.851679891786,-151.7695009815,6.53766366237
    ));
#232 = CARTESIAN_POINT('',(56.813530323603,-151.6831242086,
    6.733055959305));
#233 = CARTESIAN_POINT('',(56.774296013192,-151.601865563,6.932135600468
    ));
#234 = CARTESIAN_POINT('',(56.71389850771,-151.4882585285,7.234594173042
    ));
#235 = CARTESIAN_POINT('',(56.693538028614,-151.4518255445,7.33591784187
    ));
#236 = CARTESIAN_POINT('',(56.67291272468,-151.4167929511,7.437821113052
    ));
#237 = CARTESIAN_POINT('',(56.652025688442,-151.3831924184,
    7.540190580648));
#238 = CARTESIAN_POINT('',(56.630880721607,-151.351049183,7.642920379149
    ));
#239 = CARTESIAN_POINT('',(56.609482337073,-151.320382105,7.745912115303
    ));
#240 = CARTESIAN_POINT('',(56.587835761368,-151.2912037215,
    7.849074798031));
#241 = CARTESIAN_POINT('',(56.565946937228,-151.263520301,7.952324766423
    ));
#242 = CARTESIAN_POINT('',(56.54382252673,-151.2373318931,8.055585616889
    ));
#243 = CARTESIAN_POINT('',(56.521469914466,-151.2126323801,8.15878812917
    ));
#244 = CARTESIAN_POINT('',(56.498897211297,-151.1894095232,
    8.261870192197));
#245 = CARTESIAN_POINT('',(56.476113258177,-151.1676450089,
    8.364776729606));
#246 = CARTESIAN_POINT('',(56.453127630431,-151.1473144924,
    8.467459625507));
#247 = CARTESIAN_POINT('',(56.406819405635,-151.1094981484,
    8.672093501068));
#248 = CARTESIAN_POINT('',(56.383494152716,-151.0920147938,
    8.774509714886));
#249 = CARTESIAN_POINT('',(56.360000378041,-151.0759216965,
    8.872008211846));
#250 = CARTESIAN_POINT('',(56.336259623633,-151.0611719156,
    8.992295453212));
#251 = CARTESIAN_POINT('',(56.312570797436,-151.0478194065,
    9.036207046477));
#252 = CARTESIAN_POINT('',(56.288244212001,-151.0356703286,
    9.260781151586));
#253 = CARTESIAN_POINT('',(56.264560287638,-151.0249942776,
    9.155046460574));
#254 = CARTESIAN_POINT('',(56.239716345155,-151.0153902592,
    9.520837884892));
#255 = CARTESIAN_POINT('',(56.215757873698,-151.0072394426,
    9.345297278144));
#256 = CARTESIAN_POINT('',(56.190867564875,-151.0002003873,
    9.668266780662));
#257 = CARTESIAN_POINT('',(56.166337015533,-150.9944782383,
    9.617381068897));
#258 = CARTESIAN_POINT('',(56.141487180116,-150.9899575753,
    9.779382131163));
#259 = CARTESIAN_POINT('',(56.116555233563,-150.9866756563,
    9.853946990821));
#260 = CARTESIAN_POINT('',(56.066565995497,-150.9825795481,
    9.853946990818));
#261 = CARTESIAN_POINT('',(56.041432356264,-150.9817591031,
    9.779382131277));
#262 = CARTESIAN_POINT('',(56.016178081946,-150.9821742454,
    9.617381067742));
#263 = CARTESIAN_POINT('',(55.991043249003,-150.9838268228,
    9.668266785163));
#264 = CARTESIAN_POINT('',(55.965339080522,-150.9867201772,
    9.345297268062));
#265 = CARTESIAN_POINT('',(55.940373340144,-150.9908621529,
    9.520837899852));
#266 = CARTESIAN_POINT('',(55.914297377756,-150.9962938056,
    9.155046444533));
#267 = CARTESIAN_POINT('',(55.889191448011,-151.0029720248,
    9.260781164068));
#268 = CARTESIAN_POINT('',(55.863211640185,-151.0109990076,
    9.036207039368));
#269 = CARTESIAN_POINT('',(55.837665182325,-151.0203171871,
    8.992295456024));
#270 = CARTESIAN_POINT('',(55.811840031699,-151.0310055478,
    8.872008211138));
#271 = CARTESIAN_POINT('',(55.78603989248,-151.0430595116,8.774509714966
    ));
#272 = CARTESIAN_POINT('',(55.760179711858,-151.0565126217,
    8.672093501065));
#273 = CARTESIAN_POINT('',(55.708333183629,-151.0862861849,
    8.467459625503));
#274 = CARTESIAN_POINT('',(55.682344618136,-151.1026037658,
    8.364776729602));
#275 = CARTESIAN_POINT('',(55.656321601518,-151.1203690468,
    8.261870192197));
#276 = CARTESIAN_POINT('',(55.630269618374,-151.1396076067,8.15878812916
    ));
#277 = CARTESIAN_POINT('',(55.60419441055,-151.1603389539,8.055585616895
    ));
#278 = CARTESIAN_POINT('',(55.578101988404,-151.182576484,7.952324766409
    ));
#279 = CARTESIAN_POINT('',(55.551998642111,-151.2063274359,
    7.849074798038));
#280 = CARTESIAN_POINT('',(55.525890953018,-151.2315928444,
    7.745912115293));
#281 = CARTESIAN_POINT('',(55.499785804974,-151.2583674925,
    7.642920379151));
#282 = CARTESIAN_POINT('',(55.473690395691,-151.2866398609,
    7.540190580644));
#283 = CARTESIAN_POINT('',(55.447612248011,-151.3163920759,
    7.437821113051));
#284 = CARTESIAN_POINT('',(55.421559221154,-151.3475998562,
    7.335917841869));
#285 = CARTESIAN_POINT('',(55.395539521828,-151.3802324578,
    7.234594173041));
#286 = CARTESIAN_POINT('',(55.317453934723,-151.4824922154,
    6.932135600466));
#287 = CARTESIAN_POINT('',(55.265515138237,-151.556280155,6.733055959303
    ));
#288 = CARTESIAN_POINT('',(55.21381345224,-151.6352945341,6.537663662364
    ));
#289 = CARTESIAN_POINT('',(55.162415472924,-151.7190590206,
    6.346819590321));
#290 = CARTESIAN_POINT('',(55.111383614253,-151.806999651,6.161274803702
    ));
#291 = CARTESIAN_POINT('',(55.060773942616,-151.8984937287,
    5.981641744063));
#292 = CARTESIAN_POINT('',(55.010634550172,-151.9929106355,
    5.808376256232));
#293 = CARTESIAN_POINT('',(54.96100451873,-152.0896443358,5.641770799497
    ));
#294 = CARTESIAN_POINT('',(54.911913524795,-152.1881373419,
    5.481959180334));
#295 = CARTESIAN_POINT('',(54.863382133707,-152.287895901,5.328933091666
    ));
#296 = CARTESIAN_POINT('',(54.815422828275,-152.3884961799,
    5.182570693274));
#297 = CARTESIAN_POINT('',(54.768041813462,-152.4895812337,
    5.042677416727));
#298 = CARTESIAN_POINT('',(54.721241636066,-152.5908485724,
    4.909039136315));
#299 = CARTESIAN_POINT('',(54.582220222689,-152.895198366,4.525362726289
    ));
#300 = CARTESIAN_POINT('',(54.491825980583,-153.0978591637,4.29392964088
    ));
#301 = CARTESIAN_POINT('',(54.403809073497,-153.2980257957,
    4.084957701133));
#302 = CARTESIAN_POINT('',(54.318099311472,-153.494403767,3.896204905313
    ));
#303 = CARTESIAN_POINT('',(54.234601623049,-153.6862198981,
    3.725505908455));
#304 = CARTESIAN_POINT('',(54.153206865845,-153.8730749783,
    3.570841032762));
#305 = CARTESIAN_POINT('',(54.073800794433,-154.0548194602,
    3.430385661887));
#306 = CARTESIAN_POINT('',(53.996271014268,-154.2314533889,
    3.302539456257));
#307 = CARTESIAN_POINT('',(53.92051177649,-154.4030515295,3.185935023905
    ));
#308 = CARTESIAN_POINT('',(53.846426487863,-154.5697144608,3.07942581412
    ));
#309 = CARTESIAN_POINT('',(53.773927827706,-154.7315462573,2.98205309316
    ));
#310 = CARTESIAN_POINT('',(53.702935374774,-154.8886592553,
    2.892991915334));
#311 = CARTESIAN_POINT('',(53.633370658249,-155.0412063135,
    2.811476042434));
#312 = CARTESIAN_POINT('',(53.428251674235,-155.4869001868,
    2.586653842072));
#313 = CARTESIAN_POINT('',(53.296880387529,-155.766593127,2.464009476408
    ));
#314 = CARTESIAN_POINT('',(53.170404727953,-156.0300646739,
    2.363397139485));
#315 = CARTESIAN_POINT('',(53.048288057381,-156.2787721613,
    2.280700531118));
#316 = CARTESIAN_POINT('',(52.930075341296,-156.5140654149,2.21279314362
    ));
#317 = CARTESIAN_POINT('',(52.815380319594,-156.7371754757,
    2.157302951197));
#318 = CARTESIAN_POINT('',(52.703873247956,-156.9492104908,
    2.112410964209));
#319 = CARTESIAN_POINT('',(52.595269765656,-157.151157564,2.076686192135
    ));
#320 = CARTESIAN_POINT('',(52.489321354156,-157.3438895731,
    2.048958781318));
#321 = CARTESIAN_POINT('',(52.385807782665,-157.5281761278,
    2.028232554736));
#322 = CARTESIAN_POINT('',(52.284531883286,-157.7046979883,
    2.013637824974));
#323 = CARTESIAN_POINT('',(52.18531695848,-157.8740643733,2.004425084456
    ));
#324 = CARTESIAN_POINT('',(52.088007091146,-158.0368326791,
    2.000000000001));
#325 = CARTESIAN_POINT('',(51.992470603138,-158.1935301999,2.));
#326 = ORIENTED_EDGE('',*,*,#43,.T.);
#327 = ORIENTED_EDGE('',*,*,#328,.T.);
#328 = EDGE_CURVE('',#33,#329,#331,.T.);
#329 = VERTEX_POINT('',#330);
#330 = CARTESIAN_POINT('',(61.5,-146.,10.));
#331 = CIRCLE('',#332,8.);
#332 = AXIS2_PLACEMENT_3D('',#333,#334,#335);
#333 = CARTESIAN_POINT('',(69.5,-146.,10.));
#334 = DIRECTION('',(-0.,1.,0.));
#335 = DIRECTION('',(1.,0.,0.));
#336 = ORIENTED_EDGE('',*,*,#337,.F.);
#337 = EDGE_CURVE('',#329,#329,#338,.T.);
#338 = CIRCLE('',#339,5.);
#339 = AXIS2_PLACEMENT_3D('',#340,#341,#342);
#340 = CARTESIAN_POINT('',(56.5,-146.,10.));
#341 = DIRECTION('',(0.,0.,1.));
#342 = DIRECTION('',(1.,0.,0.));
#343 = ORIENTED_EDGE('',*,*,#328,.F.);
#344 = TOROIDAL_SURFACE('',#345,13.,8.);
#345 = AXIS2_PLACEMENT_3D('',#346,#347,#348);
#346 = CARTESIAN_POINT('',(56.5,-146.,10.));
#347 = DIRECTION('',(-0.,-0.,-1.));
#348 = DIRECTION('',(1.,0.,0.));
#349 = ADVANCED_FACE('',(#350),#381,.F.);
#350 = FACE_BOUND('',#351,.T.);
#351 = EDGE_LOOP('',(#352,#364,#365,#374));
#352 = ORIENTED_EDGE('',*,*,#353,.F.);
#353 = EDGE_CURVE('',#35,#354,#356,.T.);
#354 = VERTEX_POINT('',#355);
#355 = CARTESIAN_POINT('',(53.478529417974,-165.0339709166,9.));
#356 = ( BOUNDED_CURVE() B_SPLINE_CURVE(6,(#357,#358,#359,#360,#361,#362
,#363),.UNSPECIFIED.,.F.,.F.) B_SPLINE_CURVE_WITH_KNOTS((7,7),(0.,
2.956791419676),.PIECEWISE_BEZIER_KNOTS.) CURVE() 
GEOMETRIC_REPRESENTATION_ITEM() RATIONAL_B_SPLINE_CURVE((1.031393471788,
    1.010025407661,0.997924642725,0.993958444137,0.997924642725,
1.010025407661,1.031393471788)) REPRESENTATION_ITEM('') );
#357 = CARTESIAN_POINT('',(51.992470603138,-158.1935301999,2.));
#358 = CARTESIAN_POINT('',(52.389748786272,-160.0222316164,2.));
#359 = CARTESIAN_POINT('',(52.776676579088,-161.8032894063,
    2.595030454436));
#360 = CARTESIAN_POINT('',(53.10986722378,-163.3369910537,3.736563407584
    ));
#361 = CARTESIAN_POINT('',(53.352207953415,-164.4525036954,
    5.306039991925));
#362 = CARTESIAN_POINT('',(53.478529417974,-165.0339709166,7.12864251793
    ));
#363 = CARTESIAN_POINT('',(53.478529417974,-165.0339709166,9.));
#364 = ORIENTED_EDGE('',*,*,#61,.T.);
#365 = ORIENTED_EDGE('',*,*,#366,.T.);
#366 = EDGE_CURVE('',#53,#367,#369,.T.);
#367 = VERTEX_POINT('',#368);
#368 = CARTESIAN_POINT('',(59.54,-169.92,9.));
#369 = CIRCLE('',#370,7.);
#370 = AXIS2_PLACEMENT_3D('',#371,#372,#373);
#371 = CARTESIAN_POINT('',(66.54,-169.92,9.));
#372 = DIRECTION('',(-0.,1.,0.));
#373 = DIRECTION('',(1.,0.,0.));
#374 = ORIENTED_EDGE('',*,*,#375,.F.);
#375 = EDGE_CURVE('',#354,#367,#376,.T.);
#376 = CIRCLE('',#377,5.);
#377 = AXIS2_PLACEMENT_3D('',#378,#379,#380);
#378 = CARTESIAN_POINT('',(54.54,-169.92,9.));
#379 = DIRECTION('',(0.,0.,1.));
#380 = DIRECTION('',(1.,0.,0.));
#381 = TOROIDAL_SURFACE('',#382,12.,7.);
#382 = AXIS2_PLACEMENT_3D('',#383,#384,#385);
#383 = CARTESIAN_POINT('',(54.54,-169.92,9.));
#384 = DIRECTION('',(-0.,-0.,-1.));
#385 = DIRECTION('',(1.,0.,0.));
#386 = ADVANCED_FACE('',(#387),#407,.F.);
#387 = FACE_BOUND('',#388,.T.);
#388 = EDGE_LOOP('',(#389,#390,#391,#400));
#389 = ORIENTED_EDGE('',*,*,#366,.F.);
#390 = ORIENTED_EDGE('',*,*,#52,.T.);
#391 = ORIENTED_EDGE('',*,*,#392,.T.);
#392 = EDGE_CURVE('',#44,#393,#395,.T.);
#393 = VERTEX_POINT('',#394);
#394 = CARTESIAN_POINT('',(56.382692139134,-165.2719374272,9.));
#395 = CIRCLE('',#396,7.);
#396 = AXIS2_PLACEMENT_3D('',#397,#398,#399);
#397 = CARTESIAN_POINT('',(58.962461133921,-158.7646498253,9.));
#398 = DIRECTION('',(-0.929612514554,0.368538427827,0.));
#399 = DIRECTION('',(0.368538427827,0.929612514554,0.));
#400 = ORIENTED_EDGE('',*,*,#401,.F.);
#401 = EDGE_CURVE('',#367,#393,#402,.T.);
#402 = CIRCLE('',#403,5.);
#403 = AXIS2_PLACEMENT_3D('',#404,#405,#406);
#404 = CARTESIAN_POINT('',(54.54,-169.92,9.));
#405 = DIRECTION('',(0.,0.,1.));
#406 = DIRECTION('',(1.,0.,0.));
#407 = TOROIDAL_SURFACE('',#408,12.,7.);
#408 = AXIS2_PLACEMENT_3D('',#409,#410,#411);
#409 = CARTESIAN_POINT('',(54.54,-169.92,9.));
#410 = DIRECTION('',(-0.,-0.,-1.));
#411 = DIRECTION('',(1.,0.,0.));
#412 = ADVANCED_FACE('',(#413),#433,.F.);
#413 = FACE_BOUND('',#414,.T.);
#414 = EDGE_LOOP('',(#415,#424,#425,#426));
#415 = ORIENTED_EDGE('',*,*,#416,.F.);
#416 = EDGE_CURVE('',#71,#417,#419,.T.);
#417 = VERTEX_POINT('',#418);
#418 = CARTESIAN_POINT('',(136.5,-146.,10.));
#419 = CIRCLE('',#420,8.);
#420 = AXIS2_PLACEMENT_3D('',#421,#422,#423);
#421 = CARTESIAN_POINT('',(144.5,-146.,10.));
#422 = DIRECTION('',(-0.,1.,0.));
#423 = DIRECTION('',(1.,0.,0.));
#424 = ORIENTED_EDGE('',*,*,#70,.F.);
#425 = ORIENTED_EDGE('',*,*,#416,.T.);
#426 = ORIENTED_EDGE('',*,*,#427,.T.);
#427 = EDGE_CURVE('',#417,#417,#428,.T.);
#428 = CIRCLE('',#429,5.);
#429 = AXIS2_PLACEMENT_3D('',#430,#431,#432);
#430 = CARTESIAN_POINT('',(131.5,-146.,10.));
#431 = DIRECTION('',(0.,0.,1.));
#432 = DIRECTION('',(1.,0.,0.));
#433 = TOROIDAL_SURFACE('',#434,13.,8.);
#434 = AXIS2_PLACEMENT_3D('',#435,#436,#437);
#435 = CARTESIAN_POINT('',(131.5,-146.,10.));
#436 = DIRECTION('',(-0.,-0.,-1.));
#437 = DIRECTION('',(1.,0.,0.));
#438 = ADVANCED_FACE('',(#439),#459,.F.);
#439 = FACE_BOUND('',#440,.T.);
#440 = EDGE_LOOP('',(#441,#450,#451,#452));
#441 = ORIENTED_EDGE('',*,*,#442,.F.);
#442 = EDGE_CURVE('',#82,#443,#445,.T.);
#443 = VERTEX_POINT('',#444);
#444 = CARTESIAN_POINT('',(149.4,-116.499805,9.));
#445 = CIRCLE('',#446,7.);
#446 = AXIS2_PLACEMENT_3D('',#447,#448,#449);
#447 = CARTESIAN_POINT('',(156.4,-116.499805,9.));
#448 = DIRECTION('',(-0.,1.,0.));
#449 = DIRECTION('',(1.,0.,0.));
#450 = ORIENTED_EDGE('',*,*,#81,.F.);
#451 = ORIENTED_EDGE('',*,*,#442,.T.);
#452 = ORIENTED_EDGE('',*,*,#453,.T.);
#453 = EDGE_CURVE('',#443,#443,#454,.T.);
#454 = CIRCLE('',#455,5.);
#455 = AXIS2_PLACEMENT_3D('',#456,#457,#458);
#456 = CARTESIAN_POINT('',(144.4,-116.499805,9.));
#457 = DIRECTION('',(0.,0.,1.));
#458 = DIRECTION('',(1.,0.,0.));
#459 = TOROIDAL_SURFACE('',#460,12.,7.);
#460 = AXIS2_PLACEMENT_3D('',#461,#462,#463);
#461 = CARTESIAN_POINT('',(144.4,-116.499805,9.));
#462 = DIRECTION('',(-0.,-0.,-1.));
#463 = DIRECTION('',(1.,0.,0.));
#464 = ADVANCED_FACE('',(#465),#485,.F.);
#465 = FACE_BOUND('',#466,.T.);
#466 = EDGE_LOOP('',(#467,#476,#477,#478));
#467 = ORIENTED_EDGE('',*,*,#468,.F.);
#468 = EDGE_CURVE('',#93,#469,#471,.T.);
#469 = VERTEX_POINT('',#470);
#470 = CARTESIAN_POINT('',(61.5,-115.5,9.));
#471 = CIRCLE('',#472,7.);
#472 = AXIS2_PLACEMENT_3D('',#473,#474,#475);
#473 = CARTESIAN_POINT('',(68.5,-115.5,9.));
#474 = DIRECTION('',(-0.,1.,0.));
#475 = DIRECTION('',(1.,0.,0.));
#476 = ORIENTED_EDGE('',*,*,#92,.F.);
#477 = ORIENTED_EDGE('',*,*,#468,.T.);
#478 = ORIENTED_EDGE('',*,*,#479,.T.);
#479 = EDGE_CURVE('',#469,#469,#480,.T.);
#480 = CIRCLE('',#481,5.);
#481 = AXIS2_PLACEMENT_3D('',#482,#483,#484);
#482 = CARTESIAN_POINT('',(56.5,-115.5,9.));
#483 = DIRECTION('',(0.,0.,1.));
#484 = DIRECTION('',(1.,0.,0.));
#485 = TOROIDAL_SURFACE('',#486,12.,7.);
#486 = AXIS2_PLACEMENT_3D('',#487,#488,#489);
#487 = CARTESIAN_POINT('',(56.5,-115.5,9.));
#488 = DIRECTION('',(-0.,-0.,-1.));
#489 = DIRECTION('',(1.,0.,0.));
#490 = ADVANCED_FACE('',(#491),#511,.F.);
#491 = FACE_BOUND('',#492,.T.);
#492 = EDGE_LOOP('',(#493,#502,#503,#504));
#493 = ORIENTED_EDGE('',*,*,#494,.F.);
#494 = EDGE_CURVE('',#104,#495,#497,.T.);
#495 = VERTEX_POINT('',#496);
#496 = CARTESIAN_POINT('',(149.3,-26.,9.));
#497 = CIRCLE('',#498,7.);
#498 = AXIS2_PLACEMENT_3D('',#499,#500,#501);
#499 = CARTESIAN_POINT('',(156.3,-26.,9.));
#500 = DIRECTION('',(-0.,1.,0.));
#501 = DIRECTION('',(1.,0.,0.));
#502 = ORIENTED_EDGE('',*,*,#103,.F.);
#503 = ORIENTED_EDGE('',*,*,#494,.T.);
#504 = ORIENTED_EDGE('',*,*,#505,.T.);
#505 = EDGE_CURVE('',#495,#495,#506,.T.);
#506 = CIRCLE('',#507,5.);
#507 = AXIS2_PLACEMENT_3D('',#508,#509,#510);
#508 = CARTESIAN_POINT('',(144.3,-26.,9.));
#509 = DIRECTION('',(0.,0.,1.));
#510 = DIRECTION('',(1.,0.,0.));
#511 = TOROIDAL_SURFACE('',#512,12.,7.);
#512 = AXIS2_PLACEMENT_3D('',#513,#514,#515);
#513 = CARTESIAN_POINT('',(144.3,-26.,9.));
#514 = DIRECTION('',(-0.,-0.,-1.));
#515 = DIRECTION('',(1.,0.,0.));
#516 = ADVANCED_FACE('',(#517),#537,.F.);
#517 = FACE_BOUND('',#518,.T.);
#518 = EDGE_LOOP('',(#519,#528,#529,#530));
#519 = ORIENTED_EDGE('',*,*,#520,.F.);
#520 = EDGE_CURVE('',#115,#521,#523,.T.);
#521 = VERTEX_POINT('',#522);
#522 = CARTESIAN_POINT('',(62.,-26.,9.));
#523 = CIRCLE('',#524,7.);
#524 = AXIS2_PLACEMENT_3D('',#525,#526,#527);
#525 = CARTESIAN_POINT('',(69.,-26.,9.));
#526 = DIRECTION('',(-0.,1.,0.));
#527 = DIRECTION('',(1.,0.,0.));
#528 = ORIENTED_EDGE('',*,*,#114,.F.);
#529 = ORIENTED_EDGE('',*,*,#520,.T.);
#530 = ORIENTED_EDGE('',*,*,#531,.T.);
#531 = EDGE_CURVE('',#521,#521,#532,.T.);
#532 = CIRCLE('',#533,5.);
#533 = AXIS2_PLACEMENT_3D('',#534,#535,#536);
#534 = CARTESIAN_POINT('',(57.,-26.,9.));
#535 = DIRECTION('',(0.,0.,1.));
#536 = DIRECTION('',(1.,0.,0.));
#537 = TOROIDAL_SURFACE('',#538,12.,7.);
#538 = AXIS2_PLACEMENT_3D('',#539,#540,#541);
#539 = CARTESIAN_POINT('',(57.,-26.,9.));
#540 = DIRECTION('',(-0.,-0.,-1.));
#541 = DIRECTION('',(1.,0.,0.));
#542 = ADVANCED_FACE('',(#543),#568,.F.);
#543 = FACE_BOUND('',#544,.F.);
#544 = EDGE_LOOP('',(#545,#553,#554,#562));
#545 = ORIENTED_EDGE('',*,*,#546,.T.);
#546 = EDGE_CURVE('',#547,#126,#549,.T.);
#547 = VERTEX_POINT('',#548);
#548 = CARTESIAN_POINT('',(31.024227893826,0.,0.));
#549 = LINE('',#550,#551);
#550 = CARTESIAN_POINT('',(31.024227893826,0.,0.));
#551 = VECTOR('',#552,1.);
#552 = DIRECTION('',(0.,0.,1.));
#553 = ORIENTED_EDGE('',*,*,#125,.T.);
#554 = ORIENTED_EDGE('',*,*,#555,.F.);
#555 = EDGE_CURVE('',#556,#128,#558,.T.);
#556 = VERTEX_POINT('',#557);
#557 = CARTESIAN_POINT('',(31.024227893826,-193.6731999694,0.));
#558 = LINE('',#559,#560);
#559 = CARTESIAN_POINT('',(31.024227893826,-193.6731999694,0.));
#560 = VECTOR('',#561,1.);
#561 = DIRECTION('',(0.,0.,1.));
#562 = ORIENTED_EDGE('',*,*,#563,.F.);
#563 = EDGE_CURVE('',#547,#556,#564,.T.);
#564 = LINE('',#565,#566);
#565 = CARTESIAN_POINT('',(31.024227893826,0.,0.));
#566 = VECTOR('',#567,1.);
#567 = DIRECTION('',(0.,-1.,0.));
#568 = PLANE('',#569);
#569 = AXIS2_PLACEMENT_3D('',#570,#571,#572);
#570 = CARTESIAN_POINT('',(31.024227893826,0.,0.));
#571 = DIRECTION('',(1.,0.,0.));
#572 = DIRECTION('',(0.,-1.,0.));
#573 = ADVANCED_FACE('',(#574),#592,.F.);
#574 = FACE_BOUND('',#575,.F.);
#575 = EDGE_LOOP('',(#576,#584,#585,#586));
#576 = ORIENTED_EDGE('',*,*,#577,.T.);
#577 = EDGE_CURVE('',#578,#144,#580,.T.);
#578 = VERTEX_POINT('',#579);
#579 = CARTESIAN_POINT('',(171.21320690178,0.,0.));
#580 = LINE('',#581,#582);
#581 = CARTESIAN_POINT('',(171.21320690178,0.,0.));
#582 = VECTOR('',#583,1.);
#583 = DIRECTION('',(0.,0.,1.));
#584 = ORIENTED_EDGE('',*,*,#151,.T.);
#585 = ORIENTED_EDGE('',*,*,#546,.F.);
#586 = ORIENTED_EDGE('',*,*,#587,.F.);
#587 = EDGE_CURVE('',#578,#547,#588,.T.);
#588 = LINE('',#589,#590);
#589 = CARTESIAN_POINT('',(171.21320690178,0.,0.));
#590 = VECTOR('',#591,1.);
#591 = DIRECTION('',(-1.,0.,0.));
#592 = PLANE('',#593);
#593 = AXIS2_PLACEMENT_3D('',#594,#595,#596);
#594 = CARTESIAN_POINT('',(171.21320690178,0.,0.));
#595 = DIRECTION('',(0.,-1.,0.));
#596 = DIRECTION('',(-1.,0.,0.));
#597 = ADVANCED_FACE('',(#598),#616,.F.);
#598 = FACE_BOUND('',#599,.F.);
#599 = EDGE_LOOP('',(#600,#601,#602,#610));
#600 = ORIENTED_EDGE('',*,*,#555,.T.);
#601 = ORIENTED_EDGE('',*,*,#135,.T.);
#602 = ORIENTED_EDGE('',*,*,#603,.F.);
#603 = EDGE_CURVE('',#604,#136,#606,.T.);
#604 = VERTEX_POINT('',#605);
#605 = CARTESIAN_POINT('',(171.21320690178,-193.6731999694,0.));
#606 = LINE('',#607,#608);
#607 = CARTESIAN_POINT('',(171.21320690178,-193.6731999694,0.));
#608 = VECTOR('',#609,1.);
#609 = DIRECTION('',(0.,0.,1.));
#610 = ORIENTED_EDGE('',*,*,#611,.F.);
#611 = EDGE_CURVE('',#556,#604,#612,.T.);
#612 = LINE('',#613,#614);
#613 = CARTESIAN_POINT('',(31.024227893826,-193.6731999694,0.));
#614 = VECTOR('',#615,1.);
#615 = DIRECTION('',(1.,0.,0.));
#616 = PLANE('',#617);
#617 = AXIS2_PLACEMENT_3D('',#618,#619,#620);
#618 = CARTESIAN_POINT('',(31.024227893826,-193.6731999694,0.));
#619 = DIRECTION('',(0.,1.,0.));
#620 = DIRECTION('',(1.,0.,0.));
#621 = ADVANCED_FACE('',(#622),#633,.F.);
#622 = FACE_BOUND('',#623,.F.);
#623 = EDGE_LOOP('',(#624,#625,#626,#627));
#624 = ORIENTED_EDGE('',*,*,#603,.T.);
#625 = ORIENTED_EDGE('',*,*,#143,.T.);
#626 = ORIENTED_EDGE('',*,*,#577,.F.);
#627 = ORIENTED_EDGE('',*,*,#628,.F.);
#628 = EDGE_CURVE('',#604,#578,#629,.T.);
#629 = LINE('',#630,#631);
#630 = CARTESIAN_POINT('',(171.21320690178,-193.6731999694,0.));
#631 = VECTOR('',#632,1.);
#632 = DIRECTION('',(0.,1.,0.));
#633 = PLANE('',#634);
#634 = AXIS2_PLACEMENT_3D('',#635,#636,#637);
#635 = CARTESIAN_POINT('',(171.21320690178,-193.6731999694,0.));
#636 = DIRECTION('',(-1.,0.,0.));
#637 = DIRECTION('',(0.,1.,0.));
#638 = ADVANCED_FACE('',(#639),#658,.T.);
#639 = FACE_BOUND('',#640,.F.);
#640 = EDGE_LOOP('',(#641,#649,#656,#657));
#641 = ORIENTED_EDGE('',*,*,#642,.T.);
#642 = EDGE_CURVE('',#166,#643,#645,.T.);
#643 = VERTEX_POINT('',#644);
#644 = CARTESIAN_POINT('',(152.46,-169.92,22.));
#645 = LINE('',#646,#647);
#646 = CARTESIAN_POINT('',(152.46,-169.92,2.));
#647 = VECTOR('',#648,1.);
#648 = DIRECTION('',(0.,0.,1.));
#649 = ORIENTED_EDGE('',*,*,#650,.T.);
#650 = EDGE_CURVE('',#643,#643,#651,.T.);
#651 = CIRCLE('',#652,5.);
#652 = AXIS2_PLACEMENT_3D('',#653,#654,#655);
#653 = CARTESIAN_POINT('',(147.46,-169.92,22.));
#654 = DIRECTION('',(0.,0.,1.));
#655 = DIRECTION('',(1.,0.,0.));
#656 = ORIENTED_EDGE('',*,*,#642,.F.);
#657 = ORIENTED_EDGE('',*,*,#176,.F.);
#658 = CYLINDRICAL_SURFACE('',#659,5.);
#659 = AXIS2_PLACEMENT_3D('',#660,#661,#662);
#660 = CARTESIAN_POINT('',(147.46,-169.92,2.));
#661 = DIRECTION('',(-0.,-0.,-1.));
#662 = DIRECTION('',(1.,0.,0.));
#663 = ADVANCED_FACE('',(#664),#804,.F.);
#664 = FACE_BOUND('',#665,.F.);
#665 = EDGE_LOOP('',(#666,#667,#802,#803));
#666 = ORIENTED_EDGE('',*,*,#392,.T.);
#667 = ORIENTED_EDGE('',*,*,#668,.T.);
#668 = EDGE_CURVE('',#393,#354,#669,.T.);
#669 = ( BOUNDED_CURVE() B_SPLINE_CURVE(14,(#670,#671,#672,#673,#674,
    #675,#676,#677,#678,#679,#680,#681,#682,#683,#684,#685,#686,#687,
    #688,#689,#690,#691,#692,#693,#694,#695,#696,#697,#698,#699,#700,
    #701,#702,#703,#704,#705,#706,#707,#708,#709,#710,#711,#712,#713,
    #714,#715,#716,#717,#718,#719,#720,#721,#722,#723,#724,#725,#726,
    #727,#728,#729,#730,#731,#732,#733,#734,#735,#736,#737,#738,#739,
    #740,#741,#742,#743,#744,#745,#746,#747,#748,#749,#750,#751,#752,
    #753,#754,#755,#756,#757,#758,#759,#760,#761,#762,#763,#764,#765,
    #766,#767,#768,#769,#770,#771,#772,#773,#774,#775,#776,#777,#778,
    #779,#780,#781,#782,#783,#784,#785,#786,#787,#788,#789,#790,#791,
    #792,#793,#794,#795,#796,#797,#798,#799,#800,#801),.UNSPECIFIED.,.F.
,.F.) B_SPLINE_CURVE_WITH_KNOTS((15,13,13,13,13,13,13,13,13,13,15),(
    5.9668001755,6.705998030419,7.075596957879,7.260396421608,
    7.352796153473,7.445195885338,7.537595617203,7.629995349068,
7.814794812798,8.184393740257,8.923591595176),.UNSPECIFIED.) CURVE() 
GEOMETRIC_REPRESENTATION_ITEM() RATIONAL_B_SPLINE_CURVE((1.031393471788,
    1.032166108828,1.032990757958,1.033871650364,1.034814947331,
    1.035828153048,1.036919855716,1.038099795822,1.039379263361,
    1.040771821629,1.042294360311,1.043968475176,1.045822176658,
    1.047891925669,1.051391533663,1.052623552126,1.0539282717,
    1.055312586497,1.056783920174,1.058350900504,1.060023853551,
    1.061815118845,1.063739183684,1.065812638715,1.06805395267,
    1.07048306806,1.073120816515,1.077421823612,1.07891291617,
    1.080463103695,1.082074529974,1.083749183206,1.085488384656,
    1.08729239316,1.089160126725,1.09108899947,1.093074876012,
    1.095112141143,1.097193886678,1.099312214074,1.102531873528,
    1.103612311221,1.104698841408,1.105790423027,1.106886099398,
    1.107984998108,1.109086331183,1.110189394867,1.111293569868,
    1.112398321124,1.113503197992,1.114607834116,1.115711947509,
    1.117918733506,1.119026521899,1.120082321313,1.121393473222,
    1.121859615434,1.124339035561,1.123141791119,1.127211264446,
    1.125231122006,1.12883845826,1.128256344136,1.130071926103,
    1.130909290747,1.130909290748,1.130071926101,1.128256344133,
    1.12883845829,1.125231121927,1.12721126457,1.123141790987,
    1.124339035657,1.121859615387,1.121393473235,1.120082321314,
    1.119026521897,1.117918733507,1.115711947508,1.114607834118,
    1.113503197987,1.112398321133,1.111293569853,1.110189394887,
    1.10908633116,1.107984998128,1.106886099382,1.105790423037,
    1.104698841403,1.103612311223,1.102531873528,1.099312214074,
    1.097193886675,1.09511214115,1.093074875997,1.091088999494,
    1.089160126693,1.087292393195,1.085488384627,1.083749183227,
    1.082074529962,1.0804631037,1.078912916169,1.077421823612,
    1.073120816515,1.070483068058,1.068053952677,1.065812638701,
    1.063739183709,1.061815118813,1.060023853587,1.058350900472,
    1.056783920198,1.055312586483,1.053928271706,1.052623552124,
    1.051391533664,1.047891925669,1.045822176657,1.043968475178,
    1.042294360306,1.040771821637,1.039379263349,1.038099795835,
    1.036919855705,1.035828153057,1.034814947326,1.033871650367,
1.032990757957,1.032166108828,1.031393471788)) REPRESENTATION_ITEM('') 
  );
#670 = CARTESIAN_POINT('',(56.382692139134,-165.2719374272,9.));
#671 = CARTESIAN_POINT('',(56.33364548326,-165.252493221,9.));
#672 = CARTESIAN_POINT('',(56.284376350209,-165.2336058795,
    9.001654386632));
#673 = CARTESIAN_POINT('',(56.234892678228,-165.21527828,9.004981130895)
  );
#674 = CARTESIAN_POINT('',(56.185200495524,-165.1975128153,
    9.010011283492));
#675 = CARTESIAN_POINT('',(56.135305214174,-165.1803116796,
    9.016785105283));
#676 = CARTESIAN_POINT('',(56.08521231614,-165.1636770041,9.025350231682
    ));
#677 = CARTESIAN_POINT('',(56.034927543421,-165.1476108862,
    9.035761854252));
#678 = CARTESIAN_POINT('',(55.984456705051,-165.1321153471,9.04808488387
    ));
#679 = CARTESIAN_POINT('',(55.93380521658,-165.1171922553,9.062398037537
    ));
#680 = CARTESIAN_POINT('',(55.882977487478,-165.1028432374,
    9.078799766106));
#681 = CARTESIAN_POINT('',(55.831976274481,-165.0890696046,
    9.097415909208));
#682 = CARTESIAN_POINT('',(55.780802118646,-165.0758723063,
    9.118408925732));
#683 = CARTESIAN_POINT('',(55.729452985503,-165.0632519267,
    9.141988497757));
#684 = CARTESIAN_POINT('',(55.652245606945,-165.0452071715,
    9.181596614119));
#685 = CARTESIAN_POINT('',(55.626531869948,-165.0393512114,9.19547507822
    ));
#686 = CARTESIAN_POINT('',(55.600783146132,-165.0336409105,
    9.210092492918));
#687 = CARTESIAN_POINT('',(55.574999926675,-165.0280764161,
    9.225486571972));
#688 = CARTESIAN_POINT('',(55.549182735227,-165.022657886,9.241699757024
    ));
#689 = CARTESIAN_POINT('',(55.523331922592,-165.0173854459,
    9.258780381119));
#690 = CARTESIAN_POINT('',(55.497447554538,-165.0122591744,
    9.276784121286));
#691 = CARTESIAN_POINT('',(55.471529361766,-165.0072790991,
    9.295775739291));
#692 = CARTESIAN_POINT('',(55.44557672125,-165.0024452081,9.315831115566
    ));
#693 = CARTESIAN_POINT('',(55.419588638299,-164.9977574568,
    9.337039575147));
#694 = CARTESIAN_POINT('',(55.393563699003,-164.9932157777,
    9.359506512334));
#695 = CARTESIAN_POINT('',(55.367499963208,-164.9888200767,
    9.383356314562));
#696 = CARTESIAN_POINT('',(55.34139476872,-164.9845702203,9.408735593132
    ));
#697 = CARTESIAN_POINT('',(55.302221438543,-164.9784220886,
    9.449303241043));
#698 = CARTESIAN_POINT('',(55.289191262454,-164.9764149281,9.46320755176
    ));
#699 = CARTESIAN_POINT('',(55.276153870532,-164.9744445336,
    9.477549674367));
#700 = CARTESIAN_POINT('',(55.263109062692,-164.9725108895,
    9.492350890665));
#701 = CARTESIAN_POINT('',(55.25005655148,-164.9706139711,9.507633684879
    ));
#702 = CARTESIAN_POINT('',(55.236996019019,-164.9687537537,9.52342143546
    ));
#703 = CARTESIAN_POINT('',(55.223927147762,-164.9669302193,
    9.539737859361));
#704 = CARTESIAN_POINT('',(55.210849634962,-164.9651433565,
    9.556606205593));
#705 = CARTESIAN_POINT('',(55.197763200754,-164.9633931633,
    9.574048192987));
#706 = CARTESIAN_POINT('',(55.184667599579,-164.961679646,9.592082687762
    ));
#707 = CARTESIAN_POINT('',(55.17156264461,-164.9600028223,9.610724113425
    ));
#708 = CARTESIAN_POINT('',(55.158448254726,-164.9583627254,
    9.629980585521));
#709 = CARTESIAN_POINT('',(55.145324533433,-164.9567594125,
    9.649851760111));
#710 = CARTESIAN_POINT('',(55.125644742064,-164.9544120477,
    9.680533799584));
#711 = CARTESIAN_POINT('',(55.119095540073,-164.9536403018,
    9.690890653819));
#712 = CARTESIAN_POINT('',(55.112544296659,-164.952877747,9.701396038503
    ));
#713 = CARTESIAN_POINT('',(55.10599101729,-164.9521243888,9.712048334968
    ));
#714 = CARTESIAN_POINT('',(55.099435701804,-164.951380232,9.722845214183
    ));
#715 = CARTESIAN_POINT('',(55.092878346921,-164.9506452807,
    9.733783638008));
#716 = CARTESIAN_POINT('',(55.086318948725,-164.9499195387,
    9.744859859068));
#717 = CARTESIAN_POINT('',(55.079757505154,-164.9492030105,
    9.756069422212));
#718 = CARTESIAN_POINT('',(55.073194018457,-164.9484957006,
    9.767407163591));
#719 = CARTESIAN_POINT('',(55.066628497656,-164.9477976145,
    9.778867211854));
#720 = CARTESIAN_POINT('',(55.060060960986,-164.9471087588,
    9.790442987064));
#721 = CARTESIAN_POINT('',(55.053491438322,-164.9464291416,
    9.802127201043));
#722 = CARTESIAN_POINT('',(55.046919973602,-164.9457587728,
    9.813911856476));
#723 = CARTESIAN_POINT('',(55.033786256728,-164.9444378602,
    9.837641192246));
#724 = CARTESIAN_POINT('',(55.02722349654,-164.9437872322,9.849642613876
    ));
#725 = CARTESIAN_POINT('',(55.020662905167,-164.9431461862,
    9.861148596442));
#726 = CARTESIAN_POINT('',(55.014081173921,-164.9425126866,
    9.875616667496));
#727 = CARTESIAN_POINT('',(55.00755601706,-164.9418935032,9.880643357205
    ));
#728 = CARTESIAN_POINT('',(55.000901088391,-164.941272511,9.908352714314
    ));
#729 = CARTESIAN_POINT('',(54.994455590414,-164.9406789121,
    9.894855107596));
#730 = CARTESIAN_POINT('',(54.98773778173,-164.9400714708,9.940386135905
    ));
#731 = CARTESIAN_POINT('',(54.981289259402,-164.9394963127,
    9.918300093679));
#732 = CARTESIAN_POINT('',(54.974626005326,-164.9389124272,
    9.958598353361));
#733 = CARTESIAN_POINT('',(54.968088616833,-164.9383485591,
    9.952188014013));
#734 = CARTESIAN_POINT('',(54.961495647779,-164.9377894428,
    9.972428385143));
#735 = CARTESIAN_POINT('',(54.954908432946,-164.9372402674,
    9.981743373852));
#736 = CARTESIAN_POINT('',(54.941752562483,-164.936162278,9.981743373852
    ));
#737 = CARTESIAN_POINT('',(54.935163814155,-164.9356318176,
    9.972428385157));
#738 = CARTESIAN_POINT('',(54.928567770096,-164.9351102289,
    9.952188013867));
#739 = CARTESIAN_POINT('',(54.922025791713,-164.9346023763,9.95859835393
    ));
#740 = CARTESIAN_POINT('',(54.915356368027,-164.9340937849,
    9.918300092402));
#741 = CARTESIAN_POINT('',(54.908900232646,-164.9336115377,
    9.940386137801));
#742 = CARTESIAN_POINT('',(54.902173147417,-164.9331173073,
    9.894855105562));
#743 = CARTESIAN_POINT('',(54.895716994143,-164.9326537473,
    9.908352715898));
#744 = CARTESIAN_POINT('',(54.889049744302,-164.9321831231,
    9.880643356301));
#745 = CARTESIAN_POINT('',(54.882510829834,-164.931731839,9.875616667854
    ));
#746 = CARTESIAN_POINT('',(54.875913765085,-164.9312854707,
    9.861148596352));
#747 = CARTESIAN_POINT('',(54.869336329769,-164.9308499895,
    9.849642613886));
#748 = CARTESIAN_POINT('',(54.862755194759,-164.9304236093,
    9.837641192246));
#749 = CARTESIAN_POINT('',(54.849581637742,-164.9295889091,
    9.813911856476));
#750 = CARTESIAN_POINT('',(54.842988700754,-164.9291805895,9.80212720104
    ));
#751 = CARTESIAN_POINT('',(54.836396174419,-164.9287817111,
    9.790442987074));
#752 = CARTESIAN_POINT('',(54.82980410368,-164.9283922711,9.778867211831
    ));
#753 = CARTESIAN_POINT('',(54.823212519331,-164.9280122667,
    9.767407163631));
#754 = CARTESIAN_POINT('',(54.816621440438,-164.9276416942,
    9.756069422155));
#755 = CARTESIAN_POINT('',(54.810030876803,-164.9272805496,
    9.744859859132));
#756 = CARTESIAN_POINT('',(54.803440831402,-164.9269288287,
    9.733783637947));
#757 = CARTESIAN_POINT('',(54.79685130288,-164.9265865271,9.722845214229
    ));
#758 = CARTESIAN_POINT('',(54.790262288022,-164.9262536401,
    9.712048334939));
#759 = CARTESIAN_POINT('',(54.783673784267,-164.9259301632,
    9.701396038516));
#760 = CARTESIAN_POINT('',(54.777085792218,-164.9256160917,
    9.690890653814));
#761 = CARTESIAN_POINT('',(54.770498318178,-164.925311421,9.680533799585
    ));
#762 = CARTESIAN_POINT('',(54.750698910126,-164.9244238681,9.64985176011
    ));
#763 = CARTESIAN_POINT('',(54.737489244363,-164.9238694285,
    9.629980585523));
#764 = CARTESIAN_POINT('',(54.724282797593,-164.9233528014,
    9.610724113421));
#765 = CARTESIAN_POINT('',(54.711079681258,-164.922873947,9.59208268777)
  );
#766 = CARTESIAN_POINT('',(54.697879820721,-164.9224328194,
    9.574048192973));
#767 = CARTESIAN_POINT('',(54.684683034526,-164.9220293709,
    9.556606205611));
#768 = CARTESIAN_POINT('',(54.671489081431,-164.9216635549,9.53973785934
    ));
#769 = CARTESIAN_POINT('',(54.65829768494,-164.9213353284,9.52342143548)
  );
#770 = CARTESIAN_POINT('',(54.645108544555,-164.9210446527,
    9.507633684863));
#771 = CARTESIAN_POINT('',(54.631921343964,-164.9207914945,
    9.492350890674));
#772 = CARTESIAN_POINT('',(54.618735765551,-164.920575826,9.477549674363
    ));
#773 = CARTESIAN_POINT('',(54.605551521659,-164.9203976249,
    9.463207551761));
#774 = CARTESIAN_POINT('',(54.592368412337,-164.9202568741,
    9.449303241043));
#775 = CARTESIAN_POINT('',(54.552716769973,-164.9199461033,
    9.408735593131));
#776 = CARTESIAN_POINT('',(54.526267965139,-164.9198896956,
    9.383356314564));
#777 = CARTESIAN_POINT('',(54.499836324454,-164.9199839359,
    9.359506512328));
#778 = CARTESIAN_POINT('',(54.47341919947,-164.9202285229,9.337039575158
    ));
#779 = CARTESIAN_POINT('',(54.447014660651,-164.9206232331,
    9.315831115547));
#780 = CARTESIAN_POINT('',(54.420621301867,-164.9211679037,
    9.295775739314));
#781 = CARTESIAN_POINT('',(54.394238134565,-164.9218624157,
    9.276784121262));
#782 = CARTESIAN_POINT('',(54.367864541928,-164.9227066808,
    9.258780381138));
#783 = CARTESIAN_POINT('',(54.341500262913,-164.9237006265,
    9.241699757011));
#784 = CARTESIAN_POINT('',(54.315145375059,-164.924844187,9.225486571979
    ));
#785 = CARTESIAN_POINT('',(54.288800245059,-164.9261372949,
    9.210092492915));
#786 = CARTESIAN_POINT('',(54.262465415205,-164.9275798799,
    9.195475078221));
#787 = CARTESIAN_POINT('',(54.236141394129,-164.9291718765,
    9.181596614119));
#788 = CARTESIAN_POINT('',(54.15702641706,-164.9344076092,9.141988497757
    ));
#789 = CARTESIAN_POINT('',(54.104307785756,-164.9385006971,
    9.118408925734));
#790 = CARTESIAN_POINT('',(54.051667883135,-164.9431914922,9.0974159092)
  );
#791 = CARTESIAN_POINT('',(53.999104796945,-164.9484790872,
    9.078799766122));
#792 = CARTESIAN_POINT('',(53.946619215638,-164.9543626331,
    9.062398037509));
#793 = CARTESIAN_POINT('',(53.894214072535,-164.9608412853,
    9.048084883906));
#794 = CARTESIAN_POINT('',(53.841893983214,-164.9679141562,
    9.035761854213));
#795 = CARTESIAN_POINT('',(53.78966459497,-164.9755802845,9.025350231717
    ));
#796 = CARTESIAN_POINT('',(53.737531968567,-164.9838386209,
    9.016785105257));
#797 = CARTESIAN_POINT('',(53.685502110674,-164.9926880313,
    9.010011283508));
#798 = CARTESIAN_POINT('',(53.63358077719,-165.0021273048,9.004981130887
    ));
#799 = CARTESIAN_POINT('',(53.581773665126,-165.0121551578,
    9.001654386634));
#800 = CARTESIAN_POINT('',(53.530087111807,-165.0227702106,
    8.999999999999));
#801 = CARTESIAN_POINT('',(53.478529417974,-165.0339709166,9.));
#802 = ORIENTED_EDGE('',*,*,#353,.F.);
#803 = ORIENTED_EDGE('',*,*,#192,.F.);
#804 = ( BOUNDED_SURFACE() B_SPLINE_SURFACE(6,14,(
    (#805,#806,#807,#808,#809,#810,#811,#812,#813,#814,#815,#816,#817
      ,#818,#819,#820,#821,#822,#823,#824,#825,#826,#827,#828,#829,#830
      ,#831,#832,#833,#834,#835,#836,#837,#838,#839,#840,#841,#842,#843
      ,#844,#845,#846,#847,#848,#849,#850,#851,#852,#853,#854,#855,#856
      ,#857,#858,#859,#860,#861,#862,#863,#864,#865,#866,#867,#868,#869
      ,#870,#871,#872,#873,#874,#875,#876,#877,#878,#879,#880,#881,#882
      ,#883,#884,#885,#886,#887,#888,#889,#890,#891,#892,#893,#894,#895
      ,#896,#897,#898,#899,#900,#901,#902,#903,#904,#905,#906,#907,#908
      ,#909,#910,#911,#912,#913,#914,#915,#916,#917,#918,#919,#920,#921
      ,#922,#923,#924,#925,#926,#927,#928,#929,#930,#931,#932,#933,#934
      ,#935,#936)
    ,(#937,#938,#939,#940,#941,#942,#943,#944,#945,#946,#947,#948,#949
      ,#950,#951,#952,#953,#954,#955,#956,#957,#958,#959,#960,#961,#962
      ,#963,#964,#965,#966,#967,#968,#969,#970,#971,#972,#973,#974,#975
      ,#976,#977,#978,#979,#980,#981,#982,#983,#984,#985,#986,#987,#988
      ,#989,#990,#991,#992,#993,#994,#995,#996,#997,#998,#999,#1000
      ,#1001,#1002,#1003,#1004,#1005,#1006,#1007,#1008,#1009,#1010,#1011
      ,#1012,#1013,#1014,#1015,#1016,#1017,#1018,#1019,#1020,#1021,#1022
      ,#1023,#1024,#1025,#1026,#1027,#1028,#1029,#1030,#1031,#1032,#1033
      ,#1034,#1035,#1036,#1037,#1038,#1039,#1040,#1041,#1042,#1043,#1044
      ,#1045,#1046,#1047,#1048,#1049,#1050,#1051,#1052,#1053,#1054,#1055
      ,#1056,#1057,#1058,#1059,#1060,#1061,#1062,#1063,#1064,#1065,#1066
      ,#1067,#1068)
    ,(#1069,#1070,#1071,#1072,#1073,#1074,#1075,#1076,#1077,#1078,#1079
      ,#1080,#1081,#1082,#1083,#1084,#1085,#1086,#1087,#1088,#1089,#1090
      ,#1091,#1092,#1093,#1094,#1095,#1096,#1097,#1098,#1099,#1100,#1101
      ,#1102,#1103,#1104,#1105,#1106,#1107,#1108,#1109,#1110,#1111,#1112
      ,#1113,#1114,#1115,#1116,#1117,#1118,#1119,#1120,#1121,#1122,#1123
      ,#1124,#1125,#1126,#1127,#1128,#1129,#1130,#1131,#1132,#1133,#1134
      ,#1135,#1136,#1137,#1138,#1139,#1140,#1141,#1142,#1143,#1144,#1145
      ,#1146,#1147,#1148,#1149,#1150,#1151,#1152,#1153,#1154,#1155,#1156
      ,#1157,#1158,#1159,#1160,#1161,#1162,#1163,#1164,#1165,#1166,#1167
      ,#1168,#1169,#1170,#1171,#1172,#1173,#1174,#1175,#1176,#1177,#1178
      ,#1179,#1180,#1181,#1182,#1183,#1184,#1185,#1186,#1187,#1188,#1189
      ,#1190,#1191,#1192,#1193,#1194,#1195,#1196,#1197,#1198,#1199,#1200
      )
    ,(#1201,#1202,#1203,#1204,#1205,#1206,#1207,#1208,#1209,#1210,#1211
      ,#1212,#1213,#1214,#1215,#1216,#1217,#1218,#1219,#1220,#1221,#1222
      ,#1223,#1224,#1225,#1226,#1227,#1228,#1229,#1230,#1231,#1232,#1233
      ,#1234,#1235,#1236,#1237,#1238,#1239,#1240,#1241,#1242,#1243,#1244
      ,#1245,#1246,#1247,#1248,#1249,#1250,#1251,#1252,#1253,#1254,#1255
      ,#1256,#1257,#1258,#1259,#1260,#1261,#1262,#1263,#1264,#1265,#1266
      ,#1267,#1268,#1269,#1270,#1271,#1272,#1273,#1274,#1275,#1276,#1277
      ,#1278,#1279,#1280,#1281,#1282,#1283,#1284,#1285,#1286,#1287,#1288
      ,#1289,#1290,#1291,#1292,#1293,#1294,#1295,#1296,#1297,#1298,#1299
      ,#1300,#1301,#1302,#1303,#1304,#1305,#1306,#1307,#1308,#1309,#1310
      ,#1311,#1312,#1313,#1314,#1315,#1316,#1317,#1318,#1319,#1320,#1321
      ,#1322,#1323,#1324,#1325,#1326,#1327,#1328,#1329,#1330,#1331,#1332
      )
    ,(#1333,#1334,#1335,#1336,#1337,#1338,#1339,#1340,#1341,#1342,#1343
      ,#1344,#1345,#1346,#1347,#1348,#1349,#1350,#1351,#1352,#1353,#1354
      ,#1355,#1356,#1357,#1358,#1359,#1360,#1361,#1362,#1363,#1364,#1365
      ,#1366,#1367,#1368,#1369,#1370,#1371,#1372,#1373,#1374,#1375,#1376
      ,#1377,#1378,#1379,#1380,#1381,#1382,#1383,#1384,#1385,#1386,#1387
      ,#1388,#1389,#1390,#1391,#1392,#1393,#1394,#1395,#1396,#1397,#1398
      ,#1399,#1400,#1401,#1402,#1403,#1404,#1405,#1406,#1407,#1408,#1409
      ,#1410,#1411,#1412,#1413,#1414,#1415,#1416,#1417,#1418,#1419,#1420
      ,#1421,#1422,#1423,#1424,#1425,#1426,#1427,#1428,#1429,#1430,#1431
      ,#1432,#1433,#1434,#1435,#1436,#1437,#1438,#1439,#1440,#1441,#1442
      ,#1443,#1444,#1445,#1446,#1447,#1448,#1449,#1450,#1451,#1452,#1453
      ,#1454,#1455,#1456,#1457,#1458,#1459,#1460,#1461,#1462,#1463,#1464
      )
    ,(#1465,#1466,#1467,#1468,#1469,#1470,#1471,#1472,#1473,#1474,#1475
      ,#1476,#1477,#1478,#1479,#1480,#1481,#1482,#1483,#1484,#1485,#1486
      ,#1487,#1488,#1489,#1490,#1491,#1492,#1493,#1494,#1495,#1496,#1497
      ,#1498,#1499,#1500,#1501,#1502,#1503,#1504,#1505,#1506,#1507,#1508
      ,#1509,#1510,#1511,#1512,#1513,#1514,#1515,#1516,#1517,#1518,#1519
      ,#1520,#1521,#1522,#1523,#1524,#1525,#1526,#1527,#1528,#1529,#1530
      ,#1531,#1532,#1533,#1534,#1535,#1536,#1537,#1538,#1539,#1540,#1541
      ,#1542,#1543,#1544,#1545,#1546,#1547,#1548,#1549,#1550,#1551,#1552
      ,#1553,#1554,#1555,#1556,#1557,#1558,#1559,#1560,#1561,#1562,#1563
      ,#1564,#1565,#1566,#1567,#1568,#1569,#1570,#1571,#1572,#1573,#1574
      ,#1575,#1576,#1577,#1578,#1579,#1580,#1581,#1582,#1583,#1584,#1585
      ,#1586,#1587,#1588,#1589,#1590,#1591,#1592,#1593,#1594,#1595,#1596
      )
    ,(#1597,#1598,#1599,#1600,#1601,#1602,#1603,#1604,#1605,#1606,#1607
      ,#1608,#1609,#1610,#1611,#1612,#1613,#1614,#1615,#1616,#1617,#1618
      ,#1619,#1620,#1621,#1622,#1623,#1624,#1625,#1626,#1627,#1628,#1629
      ,#1630,#1631,#1632,#1633,#1634,#1635,#1636,#1637,#1638,#1639,#1640
      ,#1641,#1642,#1643,#1644,#1645,#1646,#1647,#1648,#1649,#1650,#1651
      ,#1652,#1653,#1654,#1655,#1656,#1657,#1658,#1659,#1660,#1661,#1662
      ,#1663,#1664,#1665,#1666,#1667,#1668,#1669,#1670,#1671,#1672,#1673
      ,#1674,#1675,#1676,#1677,#1678,#1679,#1680,#1681,#1682,#1683,#1684
      ,#1685,#1686,#1687,#1688,#1689,#1690,#1691,#1692,#1693,#1694,#1695
      ,#1696,#1697,#1698,#1699,#1700,#1701,#1702,#1703,#1704,#1705,#1706
      ,#1707,#1708,#1709,#1710,#1711,#1712,#1713,#1714,#1715,#1716,#1717
      ,#1718,#1719,#1720,#1721,#1722,#1723,#1724,#1725,#1726,#1727,#1728
)),.UNSPECIFIED.,.F.,.F.,.F.) B_SPLINE_SURFACE_WITH_KNOTS((7,7),(15,13,
    13,13,13,13,13,13,13,13,15),(0.,2.956791419676),(5.9668001755,
    6.705998030419,7.075596957879,7.260396421608,7.352796153473,
    7.445195885338,7.537595617203,7.629995349068,7.814794812798,
    8.184393740257,8.923591595176),.UNSPECIFIED.) 
GEOMETRIC_REPRESENTATION_ITEM() RATIONAL_B_SPLINE_SURFACE((
    (1.031393471788,1.032166108828,1.032990757958,1.033871650364
      ,1.034814947331,1.035828153048,1.036919855716,1.038099795822
      ,1.039379263361,1.040771821629,1.042294360311,1.043968475176
      ,1.045822176658,1.047891925669,1.051391533663,1.052623552126
      ,1.0539282717,1.055312586497,1.056783920174,1.058350900504
      ,1.060023853551,1.061815118845,1.063739183684,1.065812638715
      ,1.06805395267,1.07048306806,1.073120816515,1.077421823612
      ,1.07891291617,1.080463103695,1.082074529974,1.083749183206
      ,1.085488384656,1.08729239316,1.089160126725,1.09108899947
      ,1.093074876012,1.095112141143,1.097193886678,1.099312214074
      ,1.102531873528,1.103612311221,1.104698841408,1.105790423027
      ,1.106886099398,1.107984998108,1.109086331183,1.110189394867
      ,1.111293569868,1.112398321124,1.113503197992,1.114607834116
      ,1.115711947509,1.117918733506,1.119026521899,1.120082321313
      ,1.121393473222,1.121859615434,1.124339035561,1.123141791119
      ,1.127211264446,1.125231122006,1.12883845826,1.128256344136
      ,1.130071926103,1.130909290747,1.130909290748,1.130071926101
      ,1.128256344133,1.12883845829,1.125231121927,1.12721126457
      ,1.123141790987,1.124339035657,1.121859615387,1.121393473235
      ,1.120082321314,1.119026521897,1.117918733507,1.115711947508
      ,1.114607834118,1.113503197987,1.112398321133,1.111293569853
      ,1.110189394887,1.10908633116,1.107984998128,1.106886099382
      ,1.105790423037,1.104698841403,1.103612311223,1.102531873528
      ,1.099312214074,1.097193886675,1.09511214115,1.093074875997
      ,1.091088999494,1.089160126693,1.087292393195,1.085488384627
      ,1.083749183227,1.082074529962,1.0804631037,1.078912916169
      ,1.077421823612,1.073120816515,1.070483068058,1.068053952677
      ,1.065812638701,1.063739183709,1.061815118813,1.060023853587
      ,1.058350900472,1.056783920198,1.055312586483,1.053928271706
      ,1.052623552124,1.051391533664,1.047891925669,1.045822176657
      ,1.043968475178,1.042294360306,1.040771821637,1.039379263349
      ,1.038099795835,1.036919855705,1.035828153057,1.034814947326
      ,1.033871650367,1.032990757957,1.032166108828,1.031393471788)
    ,(1.010025407661,1.010261320211,1.010512495335,1.010780194007
      ,1.011066135108,1.011372376422,1.011701269303,1.012055486256
      ,1.012438122622,1.012852870781,1.013304268682,1.013798020923
      ,1.014341393886,1.014943683831,1.015953296036,1.016307418502
      ,1.016680960788,1.017075618058,1.017493183338,1.017935725283
      ,1.018405705984,1.018906039247,1.019440088735,1.020011606717
      ,1.020624612646,1.021283212261,1.021991356685,1.023133134445
      ,1.023526987387,1.023934304741,1.024355373962,1.024790406596
      ,1.025239411817,1.025702102806,1.026177836025,1.026665583259
      ,1.027163936618,1.02767114628,1.02818519118,1.028703882479
      ,1.029485558661,1.029746761803,1.030008318322,1.030269960332
      ,1.03053144315,1.030792545199,1.031053068161,1.03131283677
      ,1.03157169905,1.031829526085,1.032086212207,1.032341674864
      ,1.032595854701,1.033101576329,1.033354213592,1.033594489353
      ,1.03388856625,1.033999571862,1.0345428111,1.034293410353
      ,1.035176614753,1.034756343461,1.03553772563,1.035416048152
      ,1.035809338916,1.035990822644,1.035990822645,1.035809338913
      ,1.035416048159,1.035537725621,1.034756343469,1.035176614746
      ,1.034293410362,1.034542811088,1.033999571875,1.033888566238
      ,1.03359448936,1.033354213589,1.03310157633,1.0325958547
      ,1.032341674866,1.032086212204,1.031829526092,1.03157169904
      ,1.031312836784,1.031053068145,1.030792545213,1.03053144314
      ,1.030269960338,1.030008318319,1.029746761804,1.029485558661
      ,1.028703882479,1.028185191178,1.027671146283,1.027163936612
      ,1.026665583268,1.026177836013,1.025702102818,1.025239411807
      ,1.024790406602,1.02435537396,1.023934304742,1.023526987387
      ,1.023133134444,1.021991356686,1.021283212259,1.020624612653
      ,1.020011606702,1.019440088761,1.018906039213,1.018405706021
      ,1.01793572525,1.017493183362,1.017075618044,1.016680960795
      ,1.0163074185,1.015953296037,1.014943683831,1.014341393885
      ,1.013798020925,1.013304268678,1.012852870789,1.012438122612
      ,1.012055486267,1.011701269293,1.01137237643,1.011066135104
      ,1.010780194009,1.010512495334,1.010261320211,1.010025407661)
    ,(0.997924642725,0.997874409841,0.997820870494,0.997763745515
      ,0.997702656249,0.997637149482,0.99756670678,0.997490737409
      ,0.997408556133,0.997319344173,0.997222095281,0.997115545007
      ,0.996998084794,0.996867659702,0.996648645917,0.996571772215
      ,0.996490620836,0.996404819613,0.996313977264,0.996217642682
      ,0.996115278619,0.996006250384,0.995889828772,0.995765208076
      ,0.995631538378,0.995487972773,0.995333729074,0.995085384849
      ,0.994999774268,0.994911306227,0.994819936756,0.994725642004
      ,0.994628446525,0.994528443748,0.994425809147,0.994320805368
      ,0.994213780218,0.99410515658,0.993995415079,0.993885068877
      ,0.993719412057,0.993664162548,0.993608949323,0.993553834009
      ,0.993498873119,0.993444117827,0.993389614331,0.993335403361
      ,0.993281520749,0.993227996863,0.993174857088,0.993122121477
      ,0.993069804965,0.992966029559,0.992914357194,0.992865274097
      ,0.992805861004,0.992782384547,0.992674671521,0.992721957283
      ,0.992548220731,0.992629264242,0.992475804794,0.992498930378
      ,0.992421680269,0.992386016784,0.992386016785,0.992421680265
      ,0.99249893039,0.992475804768,0.992629264287,0.992548220672
      ,0.992721957347,0.992674671464,0.992782384588,0.99280586098
      ,0.992865274107,0.99291435719,0.99296602956,0.993069804965
      ,0.99312212148,0.993174857079,0.993227996881,0.99328152072
      ,0.9933354034,0.993389614288,0.993444117866,0.99349887309
      ,0.993553834027,0.993608949315,0.993664162551,0.993719412057
      ,0.993885068877,0.993995415077,0.994105156585,0.994213780208
      ,0.994320805384,0.994425809125,0.994528443771,0.994628446505
      ,0.994725642018,0.994819936748,0.99491130623,0.994999774267
      ,0.995085384849,0.995333729074,0.995487972772,0.995631538382
      ,0.995765208067,0.995889828788,0.996006250362,0.996115278643
      ,0.99621764266,0.996313977281,0.996404819603,0.996490620841
      ,0.996571772214,0.996648645918,0.996867659702,0.996998084794
      ,0.997115545007,0.997222095281,0.997319344172,0.997408556135
      ,0.997490737407,0.997566706783,0.99763714948,0.99770265625
      ,0.997763745514,0.997820870494,0.99787440984,0.997924642725)
    ,(0.993958444137,0.993814982229,0.993662121266,0.993499100276
      ,0.993324839851,0.993138034581,0.992937192725,0.992720622498
      ,0.992486365937,0.992232079076,0.991954859858,0.991651022409
      ,0.991315818815,0.990943107581,0.990315900136,0.990095535365
      ,0.989862665098,0.989616141106,0.989354732067,0.989077010778
      ,0.988781273104,0.988465489011,0.988127285219,0.987763959992
      ,0.987372529575,0.986949806678,0.986492510727,0.985749859699
      ,0.98549285455,0.985226147441,0.984949417502,0.984662374695
      ,0.984364844686,0.984056833343,0.983738572024,0.983410542021
      ,0.983073480116,0.98272836324,0.982376374008,0.982018845789
      ,0.981476359365,0.981294467971,0.981111700891,0.980928230466
      ,0.980744214521,0.98055979629,0.980375104531,0.980190253372
      ,0.980005342487,0.979820456925,0.979635667253,0.979451029452
      ,0.979266584981,0.978898136513,0.978713283867,0.978537163103
      ,0.978318721439,0.978240718495,0.977828402531,0.978026838726
      ,0.977350573627,0.977679185347,0.977079811612,0.977176341124
      ,0.976874683638,0.976735552161,0.976735552162,0.976874683633
      ,0.977176341139,0.977079811577,0.977679185408,0.977350573543
      ,0.978026838816,0.977828402454,0.978240718547,0.978318721411
      ,0.978537163116,0.978713283863,0.978898136513,0.979266584981
      ,0.979451029454,0.979635667248,0.979820456936,0.980005342471
      ,0.980190253394,0.980375104507,0.980559796312,0.980744214505
      ,0.980928230476,0.981111700886,0.981294467973,0.981476359365
      ,0.98201884579,0.982376374006,0.982728363247,0.983073480104
      ,0.983410542042,0.983738571998,0.984056833371,0.984364844663
      ,0.984662374711,0.984949417493,0.985226147445,0.985492854549
      ,0.985749859699,0.986492510727,0.986949806677,0.987372529579
      ,0.987763959984,0.988127285232,0.988465488992,0.988781273124
      ,0.98907701076,0.989354732081,0.989616141098,0.989862665101
      ,0.990095535364,0.990315900136,0.990943107581,0.991315818815
      ,0.99165102241,0.991954859857,0.992232079078,0.992486365934
      ,0.992720622502,0.992937192722,0.993138034584,0.99332483985
      ,0.993499100277,0.993662121266,0.993814982229,0.993958444137)
    ,(0.997924642725,0.997874409841,0.997820870494,0.997763745515
      ,0.997702656249,0.997637149482,0.99756670678,0.997490737409
      ,0.997408556133,0.997319344173,0.99722209528,0.997115545007
      ,0.996998084794,0.996867659702,0.996648645917,0.996571772216
      ,0.996490620836,0.996404819614,0.996313977263,0.996217642684
      ,0.996115278617,0.996006250385,0.995889828771,0.995765208076
      ,0.995631538378,0.995487972773,0.995333729074,0.995085384849
      ,0.994999774268,0.994911306227,0.994819936756,0.994725642003
      ,0.994628446527,0.994528443746,0.994425809149,0.994320805366
      ,0.994213780219,0.99410515658,0.993995415079,0.993885068877
      ,0.993719412057,0.993664162548,0.993608949322,0.993553834012
      ,0.993498873115,0.993444117833,0.993389614324,0.993335403368
      ,0.993281520744,0.993227996866,0.993174857086,0.993122121477
      ,0.993069804965,0.992966029559,0.992914357194,0.992865274096
      ,0.992805861005,0.992782384544,0.992674671525,0.992721957277
      ,0.992548220736,0.992629264239,0.992475804796,0.992498930377
      ,0.992421680269,0.992386016785,0.992386016785,0.992421680266
      ,0.992498930388,0.992475804773,0.992629264277,0.992548220685
      ,0.992721957332,0.992674671477,0.992782384578,0.992805860985
      ,0.992865274105,0.992914357191,0.99296602956,0.993069804965
      ,0.99312212148,0.993174857079,0.99322799688,0.99328152072
      ,0.993335403399,0.993389614288,0.993444117866,0.99349887309
      ,0.993553834027,0.993608949314,0.993664162551,0.993719412057
      ,0.993885068877,0.993995415077,0.994105156585,0.994213780207
      ,0.994320805385,0.994425809124,0.994528443772,0.994628446504
      ,0.994725642019,0.994819936748,0.99491130623,0.994999774267
      ,0.995085384849,0.995333729074,0.995487972772,0.995631538382
      ,0.995765208067,0.995889828787,0.996006250363,0.996115278643
      ,0.996217642659,0.996313977282,0.996404819602,0.996490620841
      ,0.996571772214,0.996648645918,0.996867659702,0.996998084794
      ,0.997115545007,0.99722209528,0.997319344174,0.997408556132
      ,0.99749073741,0.997566706779,0.997637149483,0.997702656248
      ,0.997763745515,0.997820870494,0.997874409841,0.997924642725)
    ,(1.010025407661,1.010261320211,1.010512495335,1.010780194007
      ,1.011066135108,1.011372376422,1.011701269303,1.012055486256
      ,1.012438122622,1.012852870781,1.013304268682,1.013798020923
      ,1.014341393886,1.014943683831,1.015953296036,1.016307418502
      ,1.016680960788,1.017075618058,1.017493183338,1.017935725283
      ,1.018405705984,1.018906039247,1.019440088735,1.020011606717
      ,1.020624612646,1.021283212261,1.021991356685,1.023133134445
      ,1.023526987387,1.023934304741,1.024355373962,1.024790406596
      ,1.025239411817,1.025702102806,1.026177836025,1.026665583259
      ,1.027163936618,1.02767114628,1.02818519118,1.028703882479
      ,1.029485558661,1.029746761803,1.030008318322,1.030269960332
      ,1.03053144315,1.030792545199,1.031053068161,1.03131283677
      ,1.03157169905,1.031829526085,1.032086212207,1.032341674864
      ,1.032595854701,1.033101576329,1.033354213592,1.033594489353
      ,1.03388856625,1.033999571861,1.0345428111,1.034293410353
      ,1.035176614753,1.03475634346,1.03553772563,1.035416048152
      ,1.035809338916,1.035990822644,1.035990822645,1.035809338913
      ,1.03541604816,1.035537725619,1.034756343472,1.035176614742
      ,1.034293410366,1.034542811084,1.033999571878,1.033888566237
      ,1.03359448936,1.033354213589,1.03310157633,1.0325958547
      ,1.032341674865,1.032086212205,1.031829526088,1.031571699046
      ,1.031312836776,1.031053068155,1.030792545205,1.030531443146
      ,1.030269960335,1.03000831832,1.029746761803,1.029485558661
      ,1.028703882479,1.028185191178,1.027671146284,1.027163936609
      ,1.026665583273,1.026177836007,1.025702102825,1.025239411801
      ,1.024790406607,1.024355373957,1.023934304743,1.023526987386
      ,1.023133134445,1.021991356686,1.02128321226,1.02062461265
      ,1.020011606709,1.01944008875,1.018906039228,1.018405706005
      ,1.017935725264,1.017493183352,1.01707561805,1.016680960792
      ,1.0163074185,1.015953296036,1.014943683831,1.014341393886
      ,1.013798020923,1.013304268681,1.012852870783,1.012438122619
      ,1.012055486259,1.0117012693,1.011372376425,1.011066135107
      ,1.010780194008,1.010512495335,1.010261320211,1.010025407661)
    ,(1.031393471788,1.032166108828,1.032990757958,1.033871650364
      ,1.034814947331,1.035828153048,1.036919855716,1.038099795822
      ,1.039379263361,1.040771821629,1.042294360311,1.043968475176
      ,1.045822176658,1.047891925669,1.051391533663,1.052623552126
      ,1.0539282717,1.055312586497,1.056783920174,1.058350900504
      ,1.060023853551,1.061815118845,1.063739183684,1.065812638715
      ,1.06805395267,1.07048306806,1.073120816515,1.077421823612
      ,1.07891291617,1.080463103695,1.082074529974,1.083749183206
      ,1.085488384656,1.08729239316,1.089160126725,1.09108899947
      ,1.093074876012,1.095112141143,1.097193886678,1.099312214074
      ,1.102531873528,1.103612311221,1.104698841408,1.105790423027
      ,1.106886099398,1.107984998108,1.109086331183,1.110189394867
      ,1.111293569868,1.112398321124,1.113503197992,1.114607834116
      ,1.115711947509,1.117918733506,1.119026521899,1.120082321313
      ,1.121393473222,1.121859615434,1.124339035561,1.123141791119
      ,1.127211264446,1.125231122006,1.12883845826,1.128256344136
      ,1.130071926103,1.130909290747,1.130909290748,1.130071926101
      ,1.128256344133,1.12883845829,1.125231121927,1.12721126457
      ,1.123141790987,1.124339035657,1.121859615387,1.121393473235
      ,1.120082321314,1.119026521897,1.117918733507,1.115711947508
      ,1.114607834118,1.113503197987,1.112398321133,1.111293569853
      ,1.110189394887,1.10908633116,1.107984998128,1.106886099382
      ,1.105790423037,1.104698841403,1.103612311223,1.102531873528
      ,1.099312214074,1.097193886675,1.09511214115,1.093074875997
      ,1.091088999494,1.089160126693,1.087292393195,1.085488384627
      ,1.083749183227,1.082074529962,1.0804631037,1.078912916169
      ,1.077421823612,1.073120816515,1.070483068058,1.068053952677
      ,1.065812638701,1.063739183709,1.061815118813,1.060023853587
      ,1.058350900472,1.056783920198,1.055312586483,1.053928271706
      ,1.052623552124,1.051391533664,1.047891925669,1.045822176657
      ,1.043968475178,1.042294360306,1.040771821637,1.039379263349
      ,1.038099795835,1.036919855705,1.035828153057,1.034814947326
      ,1.033871650367,1.032990757957,1.032166108828,1.031393471788
))) REPRESENTATION_ITEM('') SURFACE() );
#805 = CARTESIAN_POINT('',(58.962461133921,-158.7646498253,2.));
#806 = CARTESIAN_POINT('',(58.893707239828,-158.5944903836,
    1.999999999999));
#807 = CARTESIAN_POINT('',(58.824191863612,-158.4180524508,
    2.004425084463));
#808 = CARTESIAN_POINT('',(58.753870920001,-158.2347943308,
    2.013637824954));
#809 = CARTESIAN_POINT('',(58.682681308234,-158.0441406809,
    2.028232554775));
#810 = CARTESIAN_POINT('',(58.610547860456,-157.8454616447,
    2.048958781258));
#811 = CARTESIAN_POINT('',(58.53738685723,-157.6380534461,2.076686192212
    ));
#812 = CARTESIAN_POINT('',(58.46310628773,-157.4211208903,2.11241096413)
  );
#813 = CARTESIAN_POINT('',(58.387603040918,-157.1937622874,
    2.157302951266));
#814 = CARTESIAN_POINT('',(58.310757236646,-156.9549574096,
    2.212793143572));
#815 = CARTESIAN_POINT('',(58.232423920244,-156.7035592136,
    2.280700531146));
#816 = CARTESIAN_POINT('',(58.152422380988,-156.4382902006,
    2.363397139473));
#817 = CARTESIAN_POINT('',(58.070523387431,-156.1577444765,
    2.464009476413));
#818 = CARTESIAN_POINT('',(57.986434693975,-155.8603967888,
    2.586653842072));
#819 = CARTESIAN_POINT('',(57.856604734034,-155.3872572662,
    2.811476042434));
#820 = CARTESIAN_POINT('',(57.812800541853,-155.2254207824,
    2.892991915337));
#821 = CARTESIAN_POINT('',(57.768330931383,-155.0588468461,
    2.982053093156));
#822 = CARTESIAN_POINT('',(57.723143361798,-154.8873718635,
    3.079425814131));
#823 = CARTESIAN_POINT('',(57.677176771514,-154.7108719053,
    3.185935023889));
#824 = CARTESIAN_POINT('',(57.630361946356,-154.5292300707,3.30253945628
    ));
#825 = CARTESIAN_POINT('',(57.582619954673,-154.342331398,3.430385661865
    ));
#826 = CARTESIAN_POINT('',(57.533858628606,-154.1500849053,
    3.570841032782));
#827 = CARTESIAN_POINT('',(57.483967080415,-153.9524722516,
    3.725505908444));
#828 = CARTESIAN_POINT('',(57.432808244051,-153.7496223919,
    3.896204905319));
#829 = CARTESIAN_POINT('',(57.380209446901,-153.5419114451,
    4.084957701134));
#830 = CARTESIAN_POINT('',(57.325951022304,-153.3300868009,
    4.293929640881));
#831 = CARTESIAN_POINT('',(57.269752990085,-153.1154142617,
    4.525362726291));
#832 = CARTESIAN_POINT('',(57.182130018754,-152.7924932727,
    4.909039136317));
#833 = CARTESIAN_POINT('',(57.152439063653,-152.6849582659,
    5.042677416731));
#834 = CARTESIAN_POINT('',(57.122145345207,-152.57750856,5.182570693271)
  );
#835 = CARTESIAN_POINT('',(57.091202134899,-152.4704430249,5.32893309168
    ));
#836 = CARTESIAN_POINT('',(57.059557449112,-152.364114854,5.48195918032)
  );
#837 = CARTESIAN_POINT('',(57.02715460972,-152.2589442597,5.641770799516
    ));
#838 = CARTESIAN_POINT('',(56.993933531453,-152.155421756,5.80837625622)
  );
#839 = CARTESIAN_POINT('',(56.959832743387,-152.0541022258,
    5.981641744073));
#840 = CARTESIAN_POINT('',(56.924792151547,-151.9555899826,
    6.161274803704));
#841 = CARTESIAN_POINT('',(56.888756550392,-151.8605150621,
    6.346819590323));
#842 = CARTESIAN_POINT('',(56.851679891786,-151.7695009815,6.53766366237
    ));
#843 = CARTESIAN_POINT('',(56.813530323603,-151.6831242086,
    6.733055959305));
#844 = CARTESIAN_POINT('',(56.774296013192,-151.601865563,6.932135600468
    ));
#845 = CARTESIAN_POINT('',(56.71389850771,-151.4882585285,7.234594173042
    ));
#846 = CARTESIAN_POINT('',(56.693538028614,-151.4518255445,7.33591784187
    ));
#847 = CARTESIAN_POINT('',(56.67291272468,-151.4167929511,7.437821113052
    ));
#848 = CARTESIAN_POINT('',(56.652025688442,-151.3831924184,
    7.540190580648));
#849 = CARTESIAN_POINT('',(56.630880721607,-151.351049183,7.642920379149
    ));
#850 = CARTESIAN_POINT('',(56.609482337073,-151.320382105,7.745912115303
    ));
#851 = CARTESIAN_POINT('',(56.587835761368,-151.2912037215,
    7.849074798031));
#852 = CARTESIAN_POINT('',(56.565946937228,-151.263520301,7.952324766423
    ));
#853 = CARTESIAN_POINT('',(56.54382252673,-151.2373318931,8.055585616889
    ));
#854 = CARTESIAN_POINT('',(56.521469914466,-151.2126323801,8.15878812917
    ));
#855 = CARTESIAN_POINT('',(56.498897211297,-151.1894095232,
    8.261870192197));
#856 = CARTESIAN_POINT('',(56.476113258177,-151.1676450089,
    8.364776729606));
#857 = CARTESIAN_POINT('',(56.453127630431,-151.1473144924,
    8.467459625507));
#858 = CARTESIAN_POINT('',(56.406819405635,-151.1094981484,
    8.672093501068));
#859 = CARTESIAN_POINT('',(56.383494152716,-151.0920147938,
    8.774509714886));
#860 = CARTESIAN_POINT('',(56.360000378041,-151.0759216965,
    8.872008211846));
#861 = CARTESIAN_POINT('',(56.336259623633,-151.0611719156,
    8.992295453212));
#862 = CARTESIAN_POINT('',(56.312570797436,-151.0478194065,
    9.036207046477));
#863 = CARTESIAN_POINT('',(56.288244212001,-151.0356703286,
    9.260781151586));
#864 = CARTESIAN_POINT('',(56.264560287638,-151.0249942776,
    9.155046460574));
#865 = CARTESIAN_POINT('',(56.239716345155,-151.0153902592,
    9.520837884892));
#866 = CARTESIAN_POINT('',(56.215757873698,-151.0072394426,
    9.345297278144));
#867 = CARTESIAN_POINT('',(56.190867564875,-151.0002003873,
    9.668266780662));
#868 = CARTESIAN_POINT('',(56.166337015533,-150.9944782383,
    9.617381068897));
#869 = CARTESIAN_POINT('',(56.141487180116,-150.9899575753,
    9.779382131163));
#870 = CARTESIAN_POINT('',(56.116555233563,-150.9866756563,
    9.853946990821));
#871 = CARTESIAN_POINT('',(56.066565995497,-150.9825795481,
    9.853946990818));
#872 = CARTESIAN_POINT('',(56.041432356264,-150.9817591031,
    9.779382131277));
#873 = CARTESIAN_POINT('',(56.016178081946,-150.9821742454,
    9.617381067742));
#874 = CARTESIAN_POINT('',(55.991043249003,-150.9838268228,
    9.668266785163));
#875 = CARTESIAN_POINT('',(55.965339080522,-150.9867201772,
    9.345297268062));
#876 = CARTESIAN_POINT('',(55.940373340144,-150.9908621529,
    9.520837899852));
#877 = CARTESIAN_POINT('',(55.914297377756,-150.9962938056,
    9.155046444533));
#878 = CARTESIAN_POINT('',(55.889191448011,-151.0029720248,
    9.260781164068));
#879 = CARTESIAN_POINT('',(55.863211640185,-151.0109990076,
    9.036207039368));
#880 = CARTESIAN_POINT('',(55.837665182325,-151.0203171871,
    8.992295456024));
#881 = CARTESIAN_POINT('',(55.811840031699,-151.0310055478,
    8.872008211138));
#882 = CARTESIAN_POINT('',(55.78603989248,-151.0430595116,8.774509714966
    ));
#883 = CARTESIAN_POINT('',(55.760179711858,-151.0565126217,
    8.672093501065));
#884 = CARTESIAN_POINT('',(55.708333183629,-151.0862861849,
    8.467459625503));
#885 = CARTESIAN_POINT('',(55.682344618136,-151.1026037658,
    8.364776729602));
#886 = CARTESIAN_POINT('',(55.656321601518,-151.1203690468,
    8.261870192197));
#887 = CARTESIAN_POINT('',(55.630269618374,-151.1396076067,8.15878812916
    ));
#888 = CARTESIAN_POINT('',(55.60419441055,-151.1603389539,8.055585616895
    ));
#889 = CARTESIAN_POINT('',(55.578101988404,-151.182576484,7.952324766409
    ));
#890 = CARTESIAN_POINT('',(55.551998642111,-151.2063274359,
    7.849074798038));
#891 = CARTESIAN_POINT('',(55.525890953018,-151.2315928444,
    7.745912115293));
#892 = CARTESIAN_POINT('',(55.499785804974,-151.2583674925,
    7.642920379151));
#893 = CARTESIAN_POINT('',(55.473690395691,-151.2866398609,
    7.540190580644));
#894 = CARTESIAN_POINT('',(55.447612248011,-151.3163920759,
    7.437821113051));
#895 = CARTESIAN_POINT('',(55.421559221154,-151.3475998562,
    7.335917841869));
#896 = CARTESIAN_POINT('',(55.395539521828,-151.3802324578,
    7.234594173041));
#897 = CARTESIAN_POINT('',(55.317453934723,-151.4824922154,
    6.932135600466));
#898 = CARTESIAN_POINT('',(55.265515138237,-151.556280155,6.733055959303
    ));
#899 = CARTESIAN_POINT('',(55.21381345224,-151.6352945341,6.537663662364
    ));
#900 = CARTESIAN_POINT('',(55.162415472924,-151.7190590206,
    6.346819590321));
#901 = CARTESIAN_POINT('',(55.111383614253,-151.806999651,6.161274803702
    ));
#902 = CARTESIAN_POINT('',(55.060773942616,-151.8984937287,
    5.981641744063));
#903 = CARTESIAN_POINT('',(55.010634550172,-151.9929106355,
    5.808376256232));
#904 = CARTESIAN_POINT('',(54.96100451873,-152.0896443358,5.641770799497
    ));
#905 = CARTESIAN_POINT('',(54.911913524795,-152.1881373419,
    5.481959180334));
#906 = CARTESIAN_POINT('',(54.863382133707,-152.287895901,5.328933091666
    ));
#907 = CARTESIAN_POINT('',(54.815422828275,-152.3884961799,
    5.182570693274));
#908 = CARTESIAN_POINT('',(54.768041813462,-152.4895812337,
    5.042677416727));
#909 = CARTESIAN_POINT('',(54.721241636066,-152.5908485724,
    4.909039136315));
#910 = CARTESIAN_POINT('',(54.582220222689,-152.895198366,4.525362726289
    ));
#911 = CARTESIAN_POINT('',(54.491825980583,-153.0978591637,4.29392964088
    ));
#912 = CARTESIAN_POINT('',(54.403809073497,-153.2980257957,
    4.084957701133));
#913 = CARTESIAN_POINT('',(54.318099311472,-153.494403767,3.896204905313
    ));
#914 = CARTESIAN_POINT('',(54.234601623049,-153.6862198981,
    3.725505908455));
#915 = CARTESIAN_POINT('',(54.153206865845,-153.8730749783,
    3.570841032762));
#916 = CARTESIAN_POINT('',(54.073800794433,-154.0548194602,
    3.430385661887));
#917 = CARTESIAN_POINT('',(53.996271014268,-154.2314533889,
    3.302539456257));
#918 = CARTESIAN_POINT('',(53.92051177649,-154.4030515295,3.185935023905
    ));
#919 = CARTESIAN_POINT('',(53.846426487863,-154.5697144608,3.07942581412
    ));
#920 = CARTESIAN_POINT('',(53.773927827706,-154.7315462573,2.98205309316
    ));
#921 = CARTESIAN_POINT('',(53.702935374774,-154.8886592553,
    2.892991915334));
#922 = CARTESIAN_POINT('',(53.633370658249,-155.0412063135,
    2.811476042434));
#923 = CARTESIAN_POINT('',(53.428251674235,-155.4869001868,
    2.586653842072));
#924 = CARTESIAN_POINT('',(53.296880387529,-155.766593127,2.464009476408
    ));
#925 = CARTESIAN_POINT('',(53.170404727953,-156.0300646739,
    2.363397139485));
#926 = CARTESIAN_POINT('',(53.048288057381,-156.2787721613,
    2.280700531118));
#927 = CARTESIAN_POINT('',(52.930075341296,-156.5140654149,2.21279314362
    ));
#928 = CARTESIAN_POINT('',(52.815380319594,-156.7371754757,
    2.157302951197));
#929 = CARTESIAN_POINT('',(52.703873247956,-156.9492104908,
    2.112410964209));
#930 = CARTESIAN_POINT('',(52.595269765656,-157.151157564,2.076686192135
    ));
#931 = CARTESIAN_POINT('',(52.489321354156,-157.3438895731,
    2.048958781318));
#932 = CARTESIAN_POINT('',(52.385807782665,-157.5281761278,
    2.028232554736));
#933 = CARTESIAN_POINT('',(52.284531883286,-157.7046979883,
    2.013637824974));
#934 = CARTESIAN_POINT('',(52.18531695848,-157.8740643733,2.004425084456
    ));
#935 = CARTESIAN_POINT('',(52.088007091146,-158.0368326791,
    2.000000000001));
#936 = CARTESIAN_POINT('',(51.992470603138,-158.1935301999,2.));
#937 = CARTESIAN_POINT('',(58.272793989577,-160.5042871598,2.));
#938 = CARTESIAN_POINT('',(58.213679075926,-160.3632456584,
    1.964467635649));
#939 = CARTESIAN_POINT('',(58.154182109611,-160.2163999669,
    1.930509755617));
#940 = CARTESIAN_POINT('',(58.094289658193,-160.0632215314,
    1.898218032579));
#941 = CARTESIAN_POINT('',(58.033982264618,-159.9030649028,
    1.867830783792));
#942 = CARTESIAN_POINT('',(57.97323669589,-159.7351835619,1.839675442221
    ));
#943 = CARTESIAN_POINT('',(57.912027211246,-159.5587303266,
    1.814139326929));
#944 = CARTESIAN_POINT('',(57.850325881743,-159.372742464,1.791668679099
    ));
#945 = CARTESIAN_POINT('',(57.788101995144,-159.1761116549,
    1.772795902286));
#946 = CARTESIAN_POINT('',(57.725320580622,-158.9675389955,
    1.758194927898));
#947 = CARTESIAN_POINT('',(57.661940091082,-158.7454752694,1.74876457385
    ));
#948 = CARTESIAN_POINT('',(57.597909282123,-158.5080467893,
    1.745739721287));
#949 = CARTESIAN_POINT('',(57.533163331385,-158.252967199,1.750830037087
    ));
#950 = CARTESIAN_POINT('',(57.467619245641,-157.9774357518,
    1.766385853904));
#951 = CARTESIAN_POINT('',(57.367979309541,-157.528465039,1.81017849259)
  );
#952 = CARTESIAN_POINT('',(57.334560020359,-157.3730107777,1.82816091923
    ));
#953 = CARTESIAN_POINT('',(57.300909608893,-157.2111221801,
    1.850008438046));
#954 = CARTESIAN_POINT('',(57.267010775114,-157.0423399485,
    1.876203646722));
#955 = CARTESIAN_POINT('',(57.232839463406,-156.866201386,1.907285725368
    ));
#956 = CARTESIAN_POINT('',(57.198369125324,-156.6821851476,
    1.943890688163));
#957 = CARTESIAN_POINT('',(57.163571828815,-156.4896825568,
    1.986787343941));
#958 = CARTESIAN_POINT('',(57.128416209242,-156.2879953807,
    2.036908943937));
#959 = CARTESIAN_POINT('',(57.092862260365,-156.0763599355,
    2.095380498225));
#960 = CARTESIAN_POINT('',(57.05685296487,-155.8539973582,2.16354174377)
  );
#961 = CARTESIAN_POINT('',(57.020302768879,-155.6201898422,
    2.242965756637));
#962 = CARTESIAN_POINT('',(56.983082907822,-155.3743825752,
    2.335473214693));
#963 = CARTESIAN_POINT('',(56.945003597279,-155.1163110519,2.44314234339
    ));
#964 = CARTESIAN_POINT('',(56.886209739718,-154.7112252483,
    2.630830909358));
#965 = CARTESIAN_POINT('',(56.866345097464,-154.5732962826,
    2.697712349619));
#966 = CARTESIAN_POINT('',(56.846160812069,-154.4324524263,
    2.769188605979));
#967 = CARTESIAN_POINT('',(56.825615811494,-154.2887779845,
    2.845534903752));
#968 = CARTESIAN_POINT('',(56.804662274976,-154.1424016885,
    2.927034702096));
#969 = CARTESIAN_POINT('',(56.783243017477,-153.9935309266,
    3.013947292305));
#970 = CARTESIAN_POINT('',(56.761290302271,-153.842474168,3.106480310487
    ));
#971 = CARTESIAN_POINT('',(56.738726082183,-153.6896516327,
    3.204767149513));
#972 = CARTESIAN_POINT('',(56.715463666951,-153.5355942837,
    3.308849253257));
#973 = CARTESIAN_POINT('',(56.691410816906,-153.3809312086,
    3.418663261177));
#974 = CARTESIAN_POINT('',(56.666474259644,-153.2263654863,
    3.534032968936));
#975 = CARTESIAN_POINT('',(56.640565630064,-153.0726386196,
    3.654666054072));
#976 = CARTESIAN_POINT('',(56.613608832446,-152.9204836318,
    3.780155512762));
#977 = CARTESIAN_POINT('',(56.571529476771,-152.6956654589,
    3.974851568621));
#978 = CARTESIAN_POINT('',(56.557234134937,-152.621318292,4.040816702721
    ));
#979 = CARTESIAN_POINT('',(56.542656123651,-152.5476102378,
    4.107811826673));
#980 = CARTESIAN_POINT('',(56.527789927982,-152.4746179474,
    4.175770351596));
#981 = CARTESIAN_POINT('',(56.512631195064,-152.4024099105,
    4.244628409986));
#982 = CARTESIAN_POINT('',(56.497176733755,-152.3310464766,
    4.314324846773));
#983 = CARTESIAN_POINT('',(56.481424513978,-152.2605798746,
    4.384801209933));
#984 = CARTESIAN_POINT('',(56.46537366675,-152.1910542339,4.456001740448
    ));
#985 = CARTESIAN_POINT('',(56.449024483573,-152.1225056028,
    4.527873362001));
#986 = CARTESIAN_POINT('',(56.432378416746,-152.0549619703,
    4.600365670141));
#987 = CARTESIAN_POINT('',(56.415438079028,-151.9884432833,
    4.673430921261));
#988 = CARTESIAN_POINT('',(56.398207244054,-151.9229614672,
    4.747024021221));
#989 = CARTESIAN_POINT('',(56.380690846428,-151.8585204431,
    4.821102513803));
#990 = CARTESIAN_POINT('',(56.345107829371,-151.7317428866,
    4.970114143294));
#991 = CARTESIAN_POINT('',(56.327057444157,-151.6691835668,
    5.045418582644));
#992 = CARTESIAN_POINT('',(56.308556545198,-151.6099310461,
    5.117460095386));
#993 = CARTESIAN_POINT('',(56.290662463213,-151.5403574834,
    5.208323843593));
#994 = CARTESIAN_POINT('',(56.269605880141,-151.5091979839,
    5.238853908454));
#995 = CARTESIAN_POINT('',(56.255222972401,-151.389888474,5.414487616808
    ));
#996 = CARTESIAN_POINT('',(56.227889559039,-151.4342500208,
    5.326330041119));
#997 = CARTESIAN_POINT('',(56.218571940931,-151.246619143,5.616780270634
    ));
#998 = CARTESIAN_POINT('',(56.187937423951,-151.3273956992,
    5.473259766827));
#999 = CARTESIAN_POINT('',(56.17664502633,-151.1622106045,5.731018560506
    ));
#1000 = CARTESIAN_POINT('',(56.150322912594,-151.1830334772,
    5.688509338473));
#1001 = CARTESIAN_POINT('',(56.132336734991,-151.0989614919,
    5.818179502454));
#1002 = CARTESIAN_POINT('',(56.11053070318,-151.0590260474,
    5.877931837553));
#1003 = CARTESIAN_POINT('',(56.060732490254,-151.0549455918,
    5.877931837551));
#1004 = CARTESIAN_POINT('',(56.032716366288,-151.0907986189,
    5.818179502545));
#1005 = CARTESIAN_POINT('',(56.001284305937,-151.1708212843,
    5.68850933756));
#1006 = CARTESIAN_POINT('',(55.978702980545,-151.1459912706,
    5.731018564068));
#1007 = CARTESIAN_POINT('',(55.940671283708,-151.3071347666,
    5.473259758889));
#1008 = CARTESIAN_POINT('',(55.9235947357,-151.2224487622,5.616780282439
    ));
#1009 = CARTESIAN_POINT('',(55.88385760337,-151.4060601198,
    5.326330028537));
#1010 = CARTESIAN_POINT('',(55.864110250085,-151.3578407695,
    5.414487626612));
#1011 = CARTESIAN_POINT('',(55.830497198108,-151.4732175103,
    5.238853902889));
#1012 = CARTESIAN_POINT('',(55.804649133083,-151.5005336472,
    5.208323845795));
#1013 = CARTESIAN_POINT('',(55.775668089158,-151.5662662733,
    5.117460094831));
#1014 = CARTESIAN_POINT('',(55.747768450185,-151.6217167429,
    5.045418582708));
#1015 = CARTESIAN_POINT('',(55.719775013003,-151.6805032411,
    4.970114143292));
#1016 = CARTESIAN_POINT('',(55.664028936342,-151.79979731,4.821102513801
    ));
#1017 = CARTESIAN_POINT('',(55.636256047728,-151.8605273391,
    4.747024021217));
#1018 = CARTESIAN_POINT('',(55.608595485712,-151.9223307632,
    4.673430921263));
#1019 = CARTESIAN_POINT('',(55.581052757414,-151.9852045165,
    4.60036567013));
#1020 = CARTESIAN_POINT('',(55.55363352733,-152.0491374475,
    4.527873362013));
#1021 = CARTESIAN_POINT('',(55.526343620597,-152.1141103003,
    4.456001740426));
#1022 = CARTESIAN_POINT('',(55.499189026199,-152.1800956959,
    4.384801209953));
#1023 = CARTESIAN_POINT('',(55.472175900133,-152.247058114,
    4.314324846751));
#1024 = CARTESIAN_POINT('',(55.445310568514,-152.3149538725,4.24462841)
  );
#1025 = CARTESIAN_POINT('',(55.418599530625,-152.3837311088,
    4.175770351585));
#1026 = CARTESIAN_POINT('',(55.392049461892,-152.4533297589,
    4.107811826676));
#1027 = CARTESIAN_POINT('',(55.365667216794,-152.5236815378,
    4.040816702719));
#1028 = CARTESIAN_POINT('',(55.339459831685,-152.5947099194,
    3.974851568621));
#1029 = CARTESIAN_POINT('',(55.261344367797,-152.8096793529,
    3.78015551276));
#1030 = CARTESIAN_POINT('',(55.209978341511,-152.9554165843,
    3.654666054074));
#1031 = CARTESIAN_POINT('',(55.159390621217,-153.1028753553,
    3.534032968925));
#1032 = CARTESIAN_POINT('',(55.109625452565,-153.2513200333,
    3.418663261192));
#1033 = CARTESIAN_POINT('',(55.060716355888,-153.400004621,
    3.308849253228));
#1034 = CARTESIAN_POINT('',(55.012685754767,-153.5482202347,
    3.204767149545));
#1035 = CARTESIAN_POINT('',(54.965545046927,-153.695331162,
    3.106480310453));
#1036 = CARTESIAN_POINT('',(54.919295132118,-153.840799411,
    3.013947292331));
#1037 = CARTESIAN_POINT('',(54.873927410412,-153.9841976611,
    2.927034702077));
#1038 = CARTESIAN_POINT('',(54.829425263266,-154.1252105316,
    2.84553490376));
#1039 = CARTESIAN_POINT('',(54.785766028458,-154.2636240912,
    2.769188605974));
#1040 = CARTESIAN_POINT('',(54.742923478838,-154.3993035412,
    2.697712349619));
#1041 = CARTESIAN_POINT('',(54.700870813934,-154.5321590152,
    2.630830909357));
#1042 = CARTESIAN_POINT('',(54.576918638201,-154.9222706456,
    2.443142343389));
#1043 = CARTESIAN_POINT('',(54.497336663255,-155.1707010267,
    2.335473214692));
#1044 = CARTESIAN_POINT('',(54.420599130769,-155.4071706477,
    2.242965756637));
#1045 = CARTESIAN_POINT('',(54.346475729877,-155.6319095915,
    2.163541743767));
#1046 = CARTESIAN_POINT('',(54.274749097562,-155.8454443085,
    2.095380498228));
#1047 = CARTESIAN_POINT('',(54.205217971786,-156.0484691037,
    2.036908943931));
#1048 = CARTESIAN_POINT('',(54.137699307327,-156.2417431696,
    1.986787343947));
#1049 = CARTESIAN_POINT('',(54.072029313988,-156.4260134908,
    1.943890688159));
#1050 = CARTESIAN_POINT('',(54.008063382599,-156.6019638811,
    1.90728572537));
#1051 = CARTESIAN_POINT('',(53.945674869234,-156.7701903509,
    1.876203646721));
#1052 = CARTESIAN_POINT('',(53.884752711626,-156.9312029694,
    1.850008438046));
#1053 = CARTESIAN_POINT('',(53.825197854118,-157.085454346,
    1.828160919229));
#1054 = CARTESIAN_POINT('',(53.766918459926,-157.2333948356,
    1.81017849259));
#1055 = CARTESIAN_POINT('',(53.595521163011,-157.6601568119,
    1.766385853903));
#1056 = CARTESIAN_POINT('',(53.485998515211,-157.9213433261,
    1.75083003709));
#1057 = CARTESIAN_POINT('',(53.380592645161,-158.1624807104,
    1.745739721278));
#1058 = CARTESIAN_POINT('',(53.27876574251,-158.3863188428,
    1.748764573868));
#1059 = CARTESIAN_POINT('',(53.180081661411,-158.5951030305,
    1.758194927867));
#1060 = CARTESIAN_POINT('',(53.084184829591,-158.7906736263,
    1.772795902327));
#1061 = CARTESIAN_POINT('',(52.990782062687,-158.9745524186,
    1.791668679054));
#1062 = CARTESIAN_POINT('',(52.899627411858,-159.1480152929,
    1.81413932697));
#1063 = CARTESIAN_POINT('',(52.810510155291,-159.3121507851,
    1.83967544219));
#1064 = CARTESIAN_POINT('',(52.723246016275,-159.4679042403,
    1.86783078381));
#1065 = CARTESIAN_POINT('',(52.637671687664,-159.6161073498,
    1.898218032571));
#1066 = CARTESIAN_POINT('',(52.553642722887,-159.7574928935,
    1.93050975562));
#1067 = CARTESIAN_POINT('',(52.471034854028,-159.8926945433,
    1.964467635648));
#1068 = CARTESIAN_POINT('',(52.389748786272,-160.0222316164,2.));
#1069 = CARTESIAN_POINT('',(57.60109492009,-162.1986012771,
    2.595030454436));
#1070 = CARTESIAN_POINT('',(57.547681597055,-162.0953223634,
    2.539736187044));
#1071 = CARTESIAN_POINT('',(57.494067389961,-161.987812859,
    2.484050168924));
#1072 = CARTESIAN_POINT('',(57.440255713564,-161.8756715408,
    2.427872462877));
#1073 = CARTESIAN_POINT('',(57.386250847434,-161.7583637396,
    2.371152382599));
#1074 = CARTESIAN_POINT('',(57.332057776225,-161.6352533238,
    2.313860843381));
#1075 = CARTESIAN_POINT('',(57.277682271691,-161.5056139266,
    2.255974104824));
#1076 = CARTESIAN_POINT('',(57.223131210653,-161.3686193892,
    2.197468903057));
#1077 = CARTESIAN_POINT('',(57.168413122914,-161.2233133955,
    2.138328970713));
#1078 = CARTESIAN_POINT('',(57.113538963361,-161.0685582571,
    2.078562944432));
#1079 = CARTESIAN_POINT('',(57.058523102144,-160.9029628055,
    2.018233661713));
#1080 = CARTESIAN_POINT('',(57.003384527259,-160.7247893255,
    1.95749885176));
#1081 = CARTESIAN_POINT('',(56.94814825363,-160.5318394492,
    1.896663230397));
#1082 = CARTESIAN_POINT('',(56.8928469333,-160.3213188942,1.83624201642)
  );
#1083 = CARTESIAN_POINT('',(56.809854446891,-159.9738364369,
    1.747426336969));
#1084 = CARTESIAN_POINT('',(56.782174335918,-159.8527426673,
    1.718129830038));
#1085 = CARTESIAN_POINT('',(56.754498877976,-159.7258495807,
    1.689252102403));
#1086 = CARTESIAN_POINT('',(56.726832307299,-159.5926530968,
    1.66093238183));
#1087 = CARTESIAN_POINT('',(56.699174761689,-159.452622817,
    1.633342308119));
#1088 = CARTESIAN_POINT('',(56.671527530676,-159.3051487237,
    1.60669105983));
#1089 = CARTESIAN_POINT('',(56.643895334491,-159.1495068339,
    1.581236708242));
#1090 = CARTESIAN_POINT('',(56.616285635433,-158.9848438199,
    1.557303809696));
#1091 = CARTESIAN_POINT('',(56.588704981972,-158.8101806182,
    1.535307245895));
#1092 = CARTESIAN_POINT('',(56.561152386361,-158.6244350526,
    1.515782327263));
#1093 = CARTESIAN_POINT('',(56.533609734654,-158.4264635032,
    1.499421172446));
#1094 = CARTESIAN_POINT('',(56.506029228029,-158.2151216656,
    1.487115382423));
#1095 = CARTESIAN_POINT('',(56.478317852293,-157.9893444582,
    1.480005026058));
#1096 = CARTESIAN_POINT('',(56.43631588758,-157.6276654105,1.47929836164
    ));
#1097 = CARTESIAN_POINT('',(56.422240403066,-157.5032517148,
    1.480726641138));
#1098 = CARTESIAN_POINT('',(56.408066128731,-157.3749614089,
    1.483985518271));
#1099 = CARTESIAN_POINT('',(56.393766152561,-157.2427302911,
    1.48926758378));
#1100 = CARTESIAN_POINT('',(56.379307807406,-157.1065199763,
    1.49678542415));
#1101 = CARTESIAN_POINT('',(56.364648966962,-156.9663552329,
    1.506764545126));
#1102 = CARTESIAN_POINT('',(56.349735769793,-156.8223512855,
    1.519435090756));
#1103 = CARTESIAN_POINT('',(56.33450177255,-156.6747310708,
    1.535022349711));
#1104 = CARTESIAN_POINT('',(56.318868531427,-156.5238324348,
    1.553736055003));
#1105 = CARTESIAN_POINT('',(56.302747614029,-156.3701052558,
    1.575758465476));
#1106 = CARTESIAN_POINT('',(56.286044040561,-156.2140984759,
    1.601231238519));
#1107 = CARTESIAN_POINT('',(56.268661156488,-156.0564370205,
    1.630241084855));
#1108 = CARTESIAN_POINT('',(56.250506935947,-155.8977885884,
    1.662804213871));
#1109 = CARTESIAN_POINT('',(56.221997523122,-155.6593228892,
    1.716875248972));
#1110 = CARTESIAN_POINT('',(56.212280737606,-155.5797350874,
    1.735779215858));
#1111 = CARTESIAN_POINT('',(56.202341308363,-155.5001441092,
    1.755550422709));
#1112 = CARTESIAN_POINT('',(56.192170285807,-155.4206301137,
    1.776176404282));
#1113 = CARTESIAN_POINT('',(56.181759822831,-155.34126619,1.79764327551)
  );
#1114 = CARTESIAN_POINT('',(56.171103175038,-155.2621183519,
    1.819935730675));
#1115 = CARTESIAN_POINT('',(56.160194700836,-155.1832455352,
    1.843037044053));
#1116 = CARTESIAN_POINT('',(56.149029861695,-155.1046995916,
    1.866929068505));
#1117 = CARTESIAN_POINT('',(56.13760522216,-155.0265252867,
    1.891592236932));
#1118 = CARTESIAN_POINT('',(56.125918450083,-154.948760293,
    1.917005560732));
#1119 = CARTESIAN_POINT('',(56.113968316611,-154.8714351885,
    1.943146631262));
#1120 = CARTESIAN_POINT('',(56.101754696322,-154.7945734502,
    1.969991619006));
#1121 = CARTESIAN_POINT('',(56.089278567214,-154.7181914515,
    1.997515274451));
#1122 = CARTESIAN_POINT('',(56.063804123166,-154.5663975319,
    2.053869526394));
#1123 = CARTESIAN_POINT('',(56.050829776236,-154.4906716463,
    2.082867411655));
#1124 = CARTESIAN_POINT('',(56.037346106135,-154.4186087022,
    2.110859703956));
#1125 = CARTESIAN_POINT('',(56.02485563185,-154.3311919085,
    2.147684109813));
#1126 = CARTESIAN_POINT('',(56.007981956079,-154.296505858,
    2.158028486436));
#1127 = CARTESIAN_POINT('',(56.000721941543,-154.137675981,
    2.233552503137));
#1128 = CARTESIAN_POINT('',(55.975164536189,-154.206823794,
    2.191711299327));
#1129 = CARTESIAN_POINT('',(55.97528901253,-153.9504518055,
    2.319392469611));
#1130 = CARTESIAN_POINT('',(55.945287383044,-154.0689680502,
    2.25350352087));
#1131 = CARTESIAN_POINT('',(55.942765406795,-153.8420710939,
    2.367418200986));
#1132 = CARTESIAN_POINT('',(55.919088441282,-153.8749572617,
    2.347377166382));
#1133 = CARTESIAN_POINT('',(55.907258045443,-153.7598680214,
    2.404764445826));
#1134 = CARTESIAN_POINT('',(55.890137965144,-153.7057884972,
    2.431200077324));
#1135 = CARTESIAN_POINT('',(55.847327940652,-153.7022806524,
    2.431200077323));
#1136 = CARTESIAN_POINT('',(55.821632796657,-153.7528519056,
    2.404764445864));
#1137 = CARTESIAN_POINT('',(55.791225213539,-153.8644801753,
    2.347377165989));
#1138 = CARTESIAN_POINT('',(55.773217496723,-153.828178369,
    2.367418202526));
#1139 = CARTESIAN_POINT('',(55.733793369159,-154.0516382803,
    2.253503517441));
#1140 = CARTESIAN_POINT('',(55.723484783723,-153.9298190069,
    2.319392474716));
#1141 = CARTESIAN_POINT('',(55.68187366651,-154.1827916103,
    2.191711293903));
#1142 = CARTESIAN_POINT('',(55.667913504678,-154.1104057156,
    2.233552507362));
#1143 = CARTESIAN_POINT('',(55.634894948152,-154.2659351885,
    2.158028484046));
#1144 = CARTESIAN_POINT('',(55.61259992068,-154.2974117563,
    2.147684110756));
#1145 = CARTESIAN_POINT('',(55.586045767871,-154.3816292436,
    2.110859703721));
#1146 = CARTESIAN_POINT('',(55.561011068814,-154.4505359997,
    2.082867411681));
#1147 = CARTESIAN_POINT('',(55.535882621286,-154.52313975,2.053869526394
    ));
#1148 = CARTESIAN_POINT('',(55.486037952987,-154.6687620366,
    1.997515274449));
#1149 = CARTESIAN_POINT('',(55.461294271264,-154.7420942515,
    1.969991619009));
#1150 = CARTESIAN_POINT('',(55.43673150164,-154.8159425397,1.94314663125
    ));
#1151 = CARTESIAN_POINT('',(55.412353274422,-154.8902909058,
    1.917005560755));
#1152 = CARTESIAN_POINT('',(55.388163287656,-154.9651161649,
    1.891592236892));
#1153 = CARTESIAN_POINT('',(55.364165306489,-155.0403879476,
    1.866929068555));
#1154 = CARTESIAN_POINT('',(55.340363162554,-155.1160687033,
    1.843037043998));
#1155 = CARTESIAN_POINT('',(55.316760753379,-155.1921137053,
    1.819935730724));
#1156 = CARTESIAN_POINT('',(55.293362041784,-155.268471054,
    1.797643275474));
#1157 = CARTESIAN_POINT('',(55.270171055355,-155.3450816818,
    1.776176404302));
#1158 = CARTESIAN_POINT('',(55.247191885859,-155.4218793571,
    1.755550422699));
#1159 = CARTESIAN_POINT('',(55.224428688755,-155.4987906887,
    1.73577921586));
#1160 = CARTESIAN_POINT('',(55.201885682673,-155.5757351297,
    1.716875248972));
#1161 = CARTESIAN_POINT('',(55.134937521408,-155.8063790544,
    1.66280421387));
#1162 = CARTESIAN_POINT('',(55.091199611335,-155.9599560578,
    1.630241084864));
#1163 = CARTESIAN_POINT('',(55.048383415722,-156.1126848126,
    1.601231238493));
#1164 = CARTESIAN_POINT('',(55.006506828631,-156.263891546,
    1.575758465528));
#1165 = CARTESIAN_POINT('',(54.965576214267,-156.4129439339,
    1.553736054919));
#1166 = CARTESIAN_POINT('',(54.925587220217,-156.5592848951,
    1.535022349817));
#1167 = CARTESIAN_POINT('',(54.886525827742,-156.7024561565,
    1.519435090646));
#1168 = CARTESIAN_POINT('',(54.848369636308,-156.8421116088,
    1.506764545219));
#1169 = CARTESIAN_POINT('',(54.811089379837,-156.978020473,
    1.496785424086));
#1170 = CARTESIAN_POINT('',(54.77465067243,-157.1100602936,
    1.489267583817));
#1171 = CARTESIAN_POINT('',(54.739015981627,-157.2381997748,
    1.483985518255));
#1172 = CARTESIAN_POINT('',(54.704146827441,-157.362471472,
    1.480726641143));
#1173 = CARTESIAN_POINT('',(54.670006205651,-157.4829343496,
    1.479298361639));
#1174 = CARTESIAN_POINT('',(54.569687980116,-157.8329517095,
    1.480005026059));
#1175 = CARTESIAN_POINT('',(54.505592727945,-158.0512063002,
    1.487115382421));
#1176 = CARTESIAN_POINT('',(54.443976484435,-158.255239374,
    1.499421172453));
#1177 = CARTESIAN_POINT('',(54.384574095036,-158.4460866642,
    1.515782327252));
#1178 = CARTESIAN_POINT('',(54.327152121043,-158.6248694306,
    1.535307245912));
#1179 = CARTESIAN_POINT('',(54.271506524127,-158.79271309,1.557303809674
    ));
#1180 = CARTESIAN_POINT('',(54.217460165832,-158.9506852231,
    1.581236708264));
#1181 = CARTESIAN_POINT('',(54.164860128933,-159.0997528999,
    1.606691059812));
#1182 = CARTESIAN_POINT('',(54.113574865767,-159.2407592804,
    1.633342308132));
#1183 = CARTESIAN_POINT('',(54.063491178904,-159.3744194593,
    1.660932381823));
#1184 = CARTESIAN_POINT('',(54.014511037951,-159.5013355269,
    1.689252102406));
#1185 = CARTESIAN_POINT('',(53.966548237056,-159.6220308298,
    1.718129830038));
#1186 = CARTESIAN_POINT('',(53.919524896461,-159.7370034135,
    1.747426336969));
#1187 = CARTESIAN_POINT('',(53.781073924725,-160.0663408383,
    1.83624201642));
#1188 = CARTESIAN_POINT('',(53.692240321056,-160.2650510066,
    1.896663230398));
#1189 = CARTESIAN_POINT('',(53.606331167978,-160.446435455,
    1.957498851759));
#1190 = CARTESIAN_POINT('',(53.522923810193,-160.613256509,
    2.018233661718));
#1191 = CARTESIAN_POINT('',(53.441685064084,-160.7676872855,
    2.078562944423));
#1192 = CARTESIAN_POINT('',(53.362350787527,-160.9114454115,
    2.138328970729));
#1193 = CARTESIAN_POINT('',(53.284708695418,-161.0459058387,
    2.197468903037));
#1194 = CARTESIAN_POINT('',(53.208584396026,-161.1721928632,
    2.255974104845));
#1195 = CARTESIAN_POINT('',(53.133830629906,-161.2912514339,
    2.313860843365));
#1196 = CARTESIAN_POINT('',(53.060319694569,-161.403897809,
    2.371152382609));
#1197 = CARTESIAN_POINT('',(52.987939041937,-161.5108496062,
    2.427872462872));
#1198 = CARTESIAN_POINT('',(52.916590036512,-161.6127352832,
    2.484050168926));
#1199 = CARTESIAN_POINT('',(52.846189863735,-161.7100830742,
    2.539736187044));
#1200 = CARTESIAN_POINT('',(52.776676579088,-161.8032894063,
    2.595030454436));
#1201 = CARTESIAN_POINT('',(57.022682487186,-163.6576063512,
    3.736563407584));
#1202 = CARTESIAN_POINT('',(56.972092639886,-163.5921607577,
    3.678780973018));
#1203 = CARTESIAN_POINT('',(56.921339545149,-163.5245027655,
    3.619842356353));
#1204 = CARTESIAN_POINT('',(56.870431854726,-163.4544026317,
    3.559567037996));
#1205 = CARTESIAN_POINT('',(56.819380953203,-163.3815348418,
    3.497753426589));
#1206 = CARTESIAN_POINT('',(56.768200027834,-163.3055052696,
    3.434177175571));
#1207 = CARTESIAN_POINT('',(56.716903701863,-163.2258625228,
    3.368587763262));
#1208 = CARTESIAN_POINT('',(56.665508213033,-163.14209342,3.300703309146
    ));
#1209 = CARTESIAN_POINT('',(56.614032119308,-163.0536025492,
    3.23020359427));
#1210 = CARTESIAN_POINT('',(56.56249751344,-162.9596758233,
    3.156721249379));
#1211 = CARTESIAN_POINT('',(56.510931728945,-162.8594279503,
    3.079831065353));
#1212 = CARTESIAN_POINT('',(56.459369519947,-162.751733679,
    2.999037371516));
#1213 = CARTESIAN_POINT('',(56.40785569894,-162.6351426622,
    2.913759411531));
#1214 = CARTESIAN_POINT('',(56.356448217616,-162.5077776944,
    2.823314627612));
#1215 = CARTESIAN_POINT('',(56.279592187435,-162.2968906382,
    2.678661757527));
#1216 = CARTESIAN_POINT('',(56.254002630867,-162.2232765682,
    2.628943374471));
#1217 = CARTESIAN_POINT('',(56.228470273018,-162.1460011297,
    2.577607946063));
#1218 = CARTESIAN_POINT('',(56.203004782175,-162.0647113905,
    2.524551922161));
#1219 = CARTESIAN_POINT('',(56.177613967363,-161.9790290613,
    2.46967849252));
#1220 = CARTESIAN_POINT('',(56.152307604976,-161.8885154785,
    2.412880867401));
#1221 = CARTESIAN_POINT('',(56.127099358702,-161.79264666,2.354035208935
    ));
#1222 = CARTESIAN_POINT('',(56.102006797053,-161.6907984527,
    2.293003235047));
#1223 = CARTESIAN_POINT('',(56.077049509366,-161.5822417859,
    2.229644526635));
#1224 = CARTESIAN_POINT('',(56.052245323406,-161.4661480603,
    2.163838571882));
#1225 = CARTESIAN_POINT('',(56.027604622562,-161.3416047005,
    2.095516595706));
#1226 = CARTESIAN_POINT('',(56.003122761917,-161.2076409237,
    2.024703231654));
#1227 = CARTESIAN_POINT('',(55.978770576944,-161.0632637864,
    1.951568113129));
#1228 = CARTESIAN_POINT('',(55.942330028277,-160.8295663387,
    1.838918878982));
#1229 = CARTESIAN_POINT('',(55.930192435179,-160.7487730015,
    1.800862392236));
#1230 = CARTESIAN_POINT('',(55.918056843649,-160.6650505296,
    1.762384099842));
#1231 = CARTESIAN_POINT('',(55.905910241036,-160.5783030435,
    1.723553578839));
#1232 = CARTESIAN_POINT('',(55.89373615215,-160.4884450025,
    1.684458974734));
#1233 = CARTESIAN_POINT('',(55.881511788069,-160.3954272538,
    1.645217714087));
#1234 = CARTESIAN_POINT('',(55.869206147757,-160.2992569623,
    1.605982845322));
#1235 = CARTESIAN_POINT('',(55.856779071937,-160.2000114037,
    1.566944994969));
#1236 = CARTESIAN_POINT('',(55.844181250238,-160.0978456018,
    1.52832992307));
#1237 = CARTESIAN_POINT('',(55.831355181702,-159.9929937849,
    1.490391661216));
#1238 = CARTESIAN_POINT('',(55.818237090521,-159.88576463,1.453401212393
    ));
#1239 = CARTESIAN_POINT('',(55.804759797865,-159.776530261,
    1.417630793356));
#1240 = CARTESIAN_POINT('',(55.790856551632,-159.6657089631,
    1.383333597885));
#1241 = CARTESIAN_POINT('',(55.769266469657,-159.4977269317,
    1.334402781017));
#1242 = CARTESIAN_POINT('',(55.761945533048,-159.4414160313,
    1.318506717566));
#1243 = CARTESIAN_POINT('',(55.75449513914,-159.3848673398,
    1.303057813251));
#1244 = CARTESIAN_POINT('',(55.74690813666,-159.3281349368,
    1.288079343792));
#1245 = CARTESIAN_POINT('',(55.73917808939,-159.2712685042,
    1.273590913768));
#1246 = CARTESIAN_POINT('',(55.731299276481,-159.2143133185,
    1.259608452118));
#1247 = CARTESIAN_POINT('',(55.723266692699,-159.157310243,
    1.246144205829));
#1248 = CARTESIAN_POINT('',(55.715076048744,-159.1002957194,
    1.233206736392));
#1249 = CARTESIAN_POINT('',(55.706723771441,-159.0433017594,
    1.220800912879));
#1250 = CARTESIAN_POINT('',(55.698207004024,-158.986355937,
    1.208927908836));
#1251 = CARTESIAN_POINT('',(55.689523606285,-158.9294813792,
    1.197585195822));
#1252 = CARTESIAN_POINT('',(55.680672154771,-158.8726967582,
    1.186766539806));
#1253 = CARTESIAN_POINT('',(55.671651942892,-158.8160162825,
    1.176461995833));
#1254 = CARTESIAN_POINT('',(55.653270560513,-158.7028618034,
    1.156850121739));
#1255 = CARTESIAN_POINT('',(55.643928660837,-158.6461379986,
    1.147523881288));
#1256 = CARTESIAN_POINT('',(55.634218592866,-158.5920387145,
    1.138899771556));
#1257 = CARTESIAN_POINT('',(55.625335449404,-158.5255160495,
    1.129693705984));
#1258 = CARTESIAN_POINT('',(55.612997396935,-158.5004615218,
    1.124437438902));
#1259 = CARTESIAN_POINT('',(55.608344750229,-158.3768413324,
    1.111295908567));
#1260 = CARTESIAN_POINT('',(55.589163681227,-158.4334990988,
    1.113784639925));
#1261 = CARTESIAN_POINT('',(55.590444304087,-158.2320284165,
    1.094883720738));
#1262 = CARTESIAN_POINT('',(55.567793244688,-158.3273398538,
    1.101408940028));
#1263 = CARTESIAN_POINT('',(55.567018186466,-158.1486306427,
    1.085167293221));
#1264 = CARTESIAN_POINT('',(55.549456548175,-158.1755910183,
    1.086622008069));
#1265 = CARTESIAN_POINT('',(55.541331431673,-158.0849450583,
    1.07847911442));
#1266 = CARTESIAN_POINT('',(55.529032742394,-158.0424093519,
    1.07469722446));
#1267 = CARTESIAN_POINT('',(55.497672602158,-158.0398397083,
    1.074697224461));
#1268 = CARTESIAN_POINT('',(55.478613717242,-158.0798059813,
    1.07847911441));
#1269 = CARTESIAN_POINT('',(55.455841029052,-158.167920182,
    1.086622008142));
#1270 = CARTESIAN_POINT('',(55.442902429114,-158.13846062,1.085167292952
    ));
#1271 = CARTESIAN_POINT('',(55.413046238688,-158.3146599208,
    1.101408940615));
#1272 = CARTESIAN_POINT('',(55.406212743597,-158.2169325111,
    1.094883719868));
#1273 = CARTESIAN_POINT('',(55.374679550306,-158.415924321,
    1.113784640848));
#1274 = CARTESIAN_POINT('',(55.364977459815,-158.3568998586,
    1.111295907848));
#1275 = CARTESIAN_POINT('',(55.340263158811,-158.4781137369,
    1.124437439309));
#1276 = CARTESIAN_POINT('',(55.324011138278,-158.5008255944,
    1.129693705825));
#1277 = CARTESIAN_POINT('',(55.304417483991,-158.5650148782,
    1.138899771595));
#1278 = CARTESIAN_POINT('',(55.286030295729,-158.6168118783,
    1.147523881284));
#1279 = CARTESIAN_POINT('',(55.267579127973,-158.6712583248,
    1.156850121739));
#1280 = CARTESIAN_POINT('',(55.231022893315,-158.7799112266,
    1.176461995834));
#1281 = CARTESIAN_POINT('',(55.212896175853,-158.8343672884,1.1867665398
    ));
#1282 = CARTESIAN_POINT('',(55.194919014251,-158.8889535782,
    1.197585195841));
#1283 = CARTESIAN_POINT('',(55.177093024302,-158.9436559621,
    1.208927908797));
#1284 = CARTESIAN_POINT('',(55.159419841114,-158.9984557852,
    1.220800912946));
#1285 = CARTESIAN_POINT('',(55.141901117807,-159.0533298806,
    1.233206736303));
#1286 = CARTESIAN_POINT('',(55.124538524375,-159.1082505771,
    1.246144205929));
#1287 = CARTESIAN_POINT('',(55.107333746399,-159.1631857082,
    1.259608452028));
#1288 = CARTESIAN_POINT('',(55.090288484028,-159.2180986201,
    1.273590913835));
#1289 = CARTESIAN_POINT('',(55.073404450756,-159.2729481799,
    1.288079343752));
#1290 = CARTESIAN_POINT('',(55.05668337247,-159.3276887837,1.30305781327
    ));
#1291 = CARTESIAN_POINT('',(55.040126986352,-159.3822703645,
    1.31850671756));
#1292 = CARTESIAN_POINT('',(55.023737039953,-159.4366383999,
    1.334402781018));
#1293 = CARTESIAN_POINT('',(54.975089713238,-159.5988651921,
    1.383333597885));
#1294 = CARTESIAN_POINT('',(54.94333169289,-159.705945015,1.417630793356
    ));
#1295 = CARTESIAN_POINT('',(54.912252275268,-159.811528416,
    1.453401212395));
#1296 = CARTESIAN_POINT('',(54.881853689856,-159.9151918232,
    1.490391661214));
#1297 = CARTESIAN_POINT('',(54.852130230756,-160.0165571403,
    1.528329923075));
#1298 = CARTESIAN_POINT('',(54.823069221273,-160.1153094259,
    1.566944994967));
#1299 = CARTESIAN_POINT('',(54.794652056728,-160.2112082157,
    1.605982845321));
#1300 = CARTESIAN_POINT('',(54.766855320212,-160.3040925265,
    1.645217714092));
#1301 = CARTESIAN_POINT('',(54.739651967675,-160.393879576,
    1.684458974728));
#1302 = CARTESIAN_POINT('',(54.713012577839,-160.4805572484,
    1.723553578844));
#1303 = CARTESIAN_POINT('',(54.686906664421,-160.564170331,1.76238409984
    ));
#1304 = CARTESIAN_POINT('',(54.66130404707,-160.6448005416,
    1.800862392238));
#1305 = CARTESIAN_POINT('',(54.636176278807,-160.7225403625,
    1.838918878983));
#1306 = CARTESIAN_POINT('',(54.562178980342,-160.9471885552,
    1.951568113129));
#1307 = CARTESIAN_POINT('',(54.514648954606,-161.0856756786,
    2.024703231654));
#1308 = CARTESIAN_POINT('',(54.468686138748,-161.2138672328,
    2.095516595707));
#1309 = CARTESIAN_POINT('',(54.424100119353,-161.332738169,
    2.163838571883));
#1310 = CARTESIAN_POINT('',(54.38072828292,-161.4432455651,
    2.229644526633));
#1311 = CARTESIAN_POINT('',(54.338432319415,-161.5462915139,
    2.293003235051));
#1312 = CARTESIAN_POINT('',(54.297094933726,-161.6426964647,
    2.35403520893));
#1313 = CARTESIAN_POINT('',(54.256616771143,-161.7331829519,
    2.412880867407));
#1314 = CARTESIAN_POINT('',(54.216913561855,-161.8183696635,
    2.469678492516));
#1315 = CARTESIAN_POINT('',(54.177913490175,-161.8987758164,
    2.524551922165));
#1316 = CARTESIAN_POINT('',(54.139554793408,-161.9748358145,
    2.577607946062));
#1317 = CARTESIAN_POINT('',(54.101783596076,-162.0469241723,
    2.628943374472));
#1318 = CARTESIAN_POINT('',(54.064551984779,-162.1153906885,
    2.678661757527));
#1319 = CARTESIAN_POINT('',(53.954391521653,-162.3109536508,
    2.823314627612));
#1320 = CARTESIAN_POINT('',(53.882936435859,-162.4282512845,
    2.91375941153));
#1321 = CARTESIAN_POINT('',(53.813130283961,-162.534901367,2.99903737152
    ));
#1322 = CARTESIAN_POINT('',(53.744724660725,-162.6327654982,
    3.079831065345));
#1323 = CARTESIAN_POINT('',(53.677527683728,-162.7232819744,
    3.156721249394));
#1324 = CARTESIAN_POINT('',(53.611390467735,-162.8075666947,
    3.230203594249));
#1325 = CARTESIAN_POINT('',(53.546195867863,-162.8864975925,
    3.30070330917));
#1326 = CARTESIAN_POINT('',(53.48184943848,-162.9607828257,3.36858776324
    ));
#1327 = CARTESIAN_POINT('',(53.418272564789,-163.0310128855,
    3.434177175588));
#1328 = CARTESIAN_POINT('',(53.355397728946,-163.0976967515,
    3.497753426579));
#1329 = CARTESIAN_POINT('',(53.29316587845,-163.1612821755,
    3.559567038002));
#1330 = CARTESIAN_POINT('',(53.231525866235,-163.222160173,
    3.619842356352));
#1331 = CARTESIAN_POINT('',(53.170435935584,-163.2806537702,
    3.678780973018));
#1332 = CARTESIAN_POINT('',(53.10986722378,-163.3369910537,
    3.736563407584));
#1333 = CARTESIAN_POINT('',(56.601983727321,-164.7187896702,
    5.306039991925));
#1334 = CARTESIAN_POINT('',(56.552534533083,-164.6831957326,
    5.260715734866));
#1335 = CARTESIAN_POINT('',(56.502893514398,-164.6471596407,
    5.214621784737));
#1336 = CARTESIAN_POINT('',(56.453068904024,-164.6106015048,
    5.167599016987));
#1337 = CARTESIAN_POINT('',(56.40307036317,-164.5734020426,
    5.119446413417));
#1338 = CARTESIAN_POINT('',(56.352908496203,-164.5354148171,
    5.069930436893));
#1339 = CARTESIAN_POINT('',(56.302594642074,-164.4964717386,
    5.018787980774));
#1340 = CARTESIAN_POINT('',(56.252140937176,-164.4563818225,
    4.965722884148));
#1341 = CARTESIAN_POINT('',(56.201560644047,-164.4149231993,
    4.910396002789));
#1342 = CARTESIAN_POINT('',(56.150868740615,-164.3718283579,
    4.852408822729));
#1343 = CARTESIAN_POINT('',(56.100082764454,-164.3267626196,
    4.791280601149));
#1344 = CARTESIAN_POINT('',(56.049223906726,-164.2792958163,
    4.726419013282));
#1345 = CARTESIAN_POINT('',(55.998318350639,-164.2288671585,
    4.657084278803));
#1346 = CARTESIAN_POINT('',(55.947398849378,-164.1747432571,
    4.582346730128));
#1347 = CARTESIAN_POINT('',(55.871054792083,-164.0865758036,4.4603743591
    ));
#1348 = CARTESIAN_POINT('',(55.845607863109,-164.0560252274,
    4.418081805294));
#1349 = CARTESIAN_POINT('',(55.820174105845,-164.0241719966,
    4.373972017467));
#1350 = CARTESIAN_POINT('',(55.794759029096,-163.9908759399,
    4.327881158516));
#1351 = CARTESIAN_POINT('',(55.769367583,-163.9559854535,4.279640777861)
  );
#1352 = CARTESIAN_POINT('',(55.744005715174,-163.9193240529,
    4.22905719065));
#1353 = CARTESIAN_POINT('',(55.718681199134,-163.8806802707,
    4.175899111243));
#1354 = CARTESIAN_POINT('',(55.693403737259,-163.8398009076,
    4.119893547442));
#1355 = CARTESIAN_POINT('',(55.668184340505,-163.7963876352,
    4.060729964035));
#1356 = CARTESIAN_POINT('',(55.643033986945,-163.7500969602,
    3.998072725861));
#1357 = CARTESIAN_POINT('',(55.617961560958,-163.7005435502,
    3.931581834232));
#1358 = CARTESIAN_POINT('',(55.592971074751,-163.6473069341,
    3.860941974115));
#1359 = CARTESIAN_POINT('',(55.568058173404,-163.589941584,
    3.785899895146));
#1360 = CARTESIAN_POINT('',(55.530776698742,-163.4970070704,
    3.666505353959));
#1361 = CARTESIAN_POINT('',(55.518362411518,-163.4648755639,
    3.625562412264));
#1362 = CARTESIAN_POINT('',(55.505958778744,-163.4315578135,
    3.583490590514));
#1363 = CARTESIAN_POINT('',(55.493561817103,-163.3970056063,
    3.540292025926));
#1364 = CARTESIAN_POINT('',(55.481166284901,-163.3611731969,
    3.495981271722));
#1365 = CARTESIAN_POINT('',(55.468764494517,-163.3240276614,
    3.450600327466));
#1366 = CARTESIAN_POINT('',(55.456345495902,-163.2855569836,
    3.404229158329));
#1367 = CARTESIAN_POINT('',(55.443894630641,-163.2457758734,
    3.356991696989));
#1368 = CARTESIAN_POINT('',(55.431393456243,-163.2047293111,
    3.309057325512));
#1369 = CARTESIAN_POINT('',(55.418820040243,-163.1624938186,
    3.260637828091));
#1370 = CARTESIAN_POINT('',(55.406149623889,-163.1191764489,
    3.21197981078));
#1371 = CARTESIAN_POINT('',(55.393355655068,-163.0749114919,
    3.16335257823));
#1372 = CARTESIAN_POINT('',(55.380411190208,-163.0298548908,3.1150314618
    ));
#1373 = CARTESIAN_POINT('',(55.360729308432,-162.961333291,
    3.043395174618));
#1374 = CARTESIAN_POINT('',(55.354124168282,-162.9383306755,
    3.019651120346));
#1375 = CARTESIAN_POINT('',(55.347471961968,-162.9151911578,
    2.996078818845));
#1376 = CARTESIAN_POINT('',(55.340769680593,-162.8919357297,
    2.972708873646));
#1377 = CARTESIAN_POINT('',(55.334014588658,-162.8685837322,
    2.94956809927));
#1378 = CARTESIAN_POINT('',(55.327204223992,-162.8451528543,
    2.926679518858));
#1379 = CARTESIAN_POINT('',(55.320336397681,-162.8216591319,
    2.904062363274));
#1380 = CARTESIAN_POINT('',(55.313409194001,-162.7981169468,
    2.881732068007));
#1381 = CARTESIAN_POINT('',(55.306420970339,-162.7745390257,
    2.859700272921));
#1382 = CARTESIAN_POINT('',(55.299370357115,-162.7509364389,
    2.837974818929));
#1383 = CARTESIAN_POINT('',(55.292256257695,-162.7273185995,
    2.816559747625));
#1384 = CARTESIAN_POINT('',(55.285077848303,-162.703693262,
    2.795455298599));
#1385 = CARTESIAN_POINT('',(55.277834577921,-162.6800665214,
    2.774657908418));
#1386 = CARTESIAN_POINT('',(55.263216994652,-162.6328166339,
    2.733660366779));
#1387 = CARTESIAN_POINT('',(55.255850915073,-162.609087124,2.71337805955
    ));
#1388 = CARTESIAN_POINT('',(55.248335381647,-162.5864261171,
    2.69421506958));
#1389 = CARTESIAN_POINT('',(55.241174691686,-162.55844706,2.671190455269
    ));
#1390 = CARTESIAN_POINT('',(55.232560671339,-162.5480179759,
    2.662083467778));
#1391 = CARTESIAN_POINT('',(55.227197375943,-162.4957333996,
    2.620658282839));
#1392 = CARTESIAN_POINT('',(55.215702725926,-162.5198589821,
    2.638916964762));
#1393 = CARTESIAN_POINT('',(55.212856833558,-162.4344954106,
    2.57220198808));
#1394 = CARTESIAN_POINT('',(55.199904069586,-162.4748831555,
    2.603527060292));
#1395 = CARTESIAN_POINT('',(55.196201150431,-162.3991008357,
    2.544646658829));
#1396 = CARTESIAN_POINT('',(55.185406046256,-162.4104079719,
    2.553688420609));
#1397 = CARTESIAN_POINT('',(55.178605607336,-162.3718550707,
    2.524084667448));
#1398 = CARTESIAN_POINT('',(55.170042758837,-162.3536276652,
    2.510419994045));
#1399 = CARTESIAN_POINT('',(55.150065433087,-162.3519907271,
    2.510419994046));
#1400 = CARTESIAN_POINT('',(55.138649624009,-162.3685810854,
    2.524084667426));
#1401 = CARTESIAN_POINT('',(55.12566399732,-162.4055127207,
    2.553688420822));
#1402 = CARTESIAN_POINT('',(55.11685353652,-162.3925991071,2.544646658)
  );
#1403 = CARTESIAN_POINT('',(55.10086366095,-162.4667678066,
    2.603527062133));
#1404 = CARTESIAN_POINT('',(55.094658255314,-162.4248102393,
    2.572201985339));
#1405 = CARTESIAN_POINT('',(55.077954274937,-162.5085719053,
    2.638916967675));
#1406 = CARTESIAN_POINT('',(55.070540271395,-162.482896945,
    2.620658280571));
#1407 = CARTESIAN_POINT('',(55.05673728517,-162.5336110446,
    2.662083469061));
#1408 = CARTESIAN_POINT('',(55.046540449442,-162.5424987686,
    2.671190454764));
#1409 = CARTESIAN_POINT('',(55.034920657374,-162.5689389576,
    2.694215069707));
#1410 = CARTESIAN_POINT('',(55.023816462544,-162.5900742675,
    2.713378059536));
#1411 = CARTESIAN_POINT('',(55.01268579001,-162.6122881573,2.73366036678
    ));
#1412 = CARTESIAN_POINT('',(54.990571536496,-162.6565282454,
    2.774657908417));
#1413 = CARTESIAN_POINT('',(54.979578764524,-162.6786607283,
    2.795455298607));
#1414 = CARTESIAN_POINT('',(54.96865021678,-162.7008023854,
    2.816559747606));
#1415 = CARTESIAN_POINT('',(54.957786341787,-162.7229471132,
    2.837974818973));
#1416 = CARTESIAN_POINT('',(54.946987589086,-162.7450871266,
    2.859700272851));
#1417 = CARTESIAN_POINT('',(54.936254408998,-162.7672129593,
    2.881732068103));
#1418 = CARTESIAN_POINT('',(54.925587252299,-162.7893134663,
    2.904062363172));
#1419 = CARTESIAN_POINT('',(54.914986570045,-162.8113758224,
    2.926679518951));
#1420 = CARTESIAN_POINT('',(54.904452813202,-162.8333855266,
    2.949568099203));
#1421 = CARTESIAN_POINT('',(54.893986432519,-162.8553264,2.972708873687)
  );
#1422 = CARTESIAN_POINT('',(54.883587878169,-162.877180589,
    2.996078818827));
#1423 = CARTESIAN_POINT('',(54.8732575996,-162.8989285653,3.019651120352
    ));
#1424 = CARTESIAN_POINT('',(54.86299604524,-162.9205491273,
    3.043395174617));
#1425 = CARTESIAN_POINT('',(54.832422294086,-162.9849527906,
    3.115031461801));
#1426 = CARTESIAN_POINT('',(54.81231587944,-163.0273012093,
    3.163352578229));
#1427 = CARTESIAN_POINT('',(54.7924868225,-163.0688930421,3.211979810783
    ));
#1428 = CARTESIAN_POINT('',(54.772933924519,-163.1095700399,
    3.260637828089));
#1429 = CARTESIAN_POINT('',(54.753652848195,-163.1491953817,
    3.309057325515));
#1430 = CARTESIAN_POINT('',(54.734636591781,-163.187659412,
    3.356991696988));
#1431 = CARTESIAN_POINT('',(54.715875972141,-163.2248830594,
    3.404229158331));
#1432 = CARTESIAN_POINT('',(54.697360114946,-163.2608189413,
    3.450600327467));
#1433 = CARTESIAN_POINT('',(54.679076951914,-163.2954501579,
    3.495981271721));
#1434 = CARTESIAN_POINT('',(54.661013722929,-163.3287867825,
    3.540292025928));
#1435 = CARTESIAN_POINT('',(54.643157483388,-163.3608600485,
    3.583490590514));
#1436 = CARTESIAN_POINT('',(54.62549561476,-163.3917142377,
    3.625562412265));
#1437 = CARTESIAN_POINT('',(54.608016338445,-163.4213962716,
    3.66650535396));
#1438 = CARTESIAN_POINT('',(54.556103654228,-163.5070222338,
    3.785899895147));
#1439 = CARTESIAN_POINT('',(54.522184746789,-163.5595669172,
    3.860941974116));
#1440 = CARTESIAN_POINT('',(54.488861392049,-163.6080253089,
    3.931581834232));
#1441 = CARTESIAN_POINT('',(54.456056767205,-163.652836285,
    3.998072725864));
#1442 = CARTESIAN_POINT('',(54.423706383847,-163.6944153613,
    4.060729964032));
#1443 = CARTESIAN_POINT('',(54.39175628095,-163.7331441762,
    4.119893547448));
#1444 = CARTESIAN_POINT('',(54.360161373963,-163.769363429,
    4.175899111238));
#1445 = CARTESIAN_POINT('',(54.328883963155,-163.8033692604,
    4.229057190655));
#1446 = CARTESIAN_POINT('',(54.297892403981,-163.8354130727,
    4.279640777857));
#1447 = CARTESIAN_POINT('',(54.267159942234,-163.8657047772,
    4.327881158519));
#1448 = CARTESIAN_POINT('',(54.236663716859,-163.8944194731,
    4.373972017467));
#1449 = CARTESIAN_POINT('',(54.206383932925,-163.9217075475,
    4.418081805295));
#1450 = CARTESIAN_POINT('',(54.176303207708,-163.9477081989,4.4603743591
    ));
#1451 = CARTESIAN_POINT('',(54.086624998707,-164.0222718212,
    4.582346730128));
#1452 = CARTESIAN_POINT('',(54.027574050184,-164.067384766,
    4.657084278804));
#1453 = CARTESIAN_POINT('',(53.96913839706,-164.1088540271,
    4.726419013282));
#1454 = CARTESIAN_POINT('',(53.911230969733,-164.1474085428,
    4.79128060115));
#1455 = CARTESIAN_POINT('',(53.853786313058,-164.1836058848,
    4.852408822726));
#1456 = CARTESIAN_POINT('',(53.796755310032,-164.2178739327,
    4.910396002793));
#1457 = CARTESIAN_POINT('',(53.740100782918,-164.2505457564,
    4.965722884144));
#1458 = CARTESIAN_POINT('',(53.683793962836,-164.2818877363,
    5.018787980779));
#1459 = CARTESIAN_POINT('',(53.627811817812,-164.3121209422,
    5.06993043689));
#1460 = CARTESIAN_POINT('',(53.572135232804,-164.3414357861,
    5.119446413419));
#1461 = CARTESIAN_POINT('',(53.516748032652,-164.3699999618,
    5.167599016986));
#1462 = CARTESIAN_POINT('',(53.46163684232,-164.3979596793,
    5.214621784737));
#1463 = CARTESIAN_POINT('',(53.406791776589,-164.4254342024,
    5.260715734866));
#1464 = CARTESIAN_POINT('',(53.352207953415,-164.4525036954,
    5.306039991925));
#1465 = CARTESIAN_POINT('',(56.382692139134,-165.2719374272,
    7.12864251793));
#1466 = CARTESIAN_POINT('',(56.333620203226,-165.2524831989,
    7.105057979429));
#1467 = CARTESIAN_POINT('',(56.284326622751,-165.2335867431,
    7.081838272559));
#1468 = CARTESIAN_POINT('',(56.234818472074,-165.2152508048,
    7.058908324412));
#1469 = CARTESIAN_POINT('',(56.185102404688,-165.1974779485,
    7.03617165307));
#1470 = CARTESIAN_POINT('',(56.135184947923,-165.1802706217,
    7.013516301381));
#1471 = CARTESIAN_POINT('',(56.085072657012,-165.1636311832,6.9908171374
    ));
#1472 = CARTESIAN_POINT('',(56.034772153497,-165.1475619095,
    6.967934541363));
#1473 = CARTESIAN_POINT('',(55.984290073938,-165.1320649833,
    6.944709502421));
#1474 = CARTESIAN_POINT('',(55.933632954329,-165.1171424767,
    6.920955150159));
#1475 = CARTESIAN_POINT('',(55.882807077224,-165.1027963292,
    6.896444754014));
#1476 = CARTESIAN_POINT('',(55.831818307327,-165.0890283317,
    6.870896230036));
#1477 = CARTESIAN_POINT('',(55.78067194308,-165.0758401135,
    6.843953210046));
#1478 = CARTESIAN_POINT('',(55.729372610646,-165.0632331417,
    6.815162746315));
#1479 = CARTESIAN_POINT('',(55.652225600015,-165.0452024955,
    6.768358769932));
#1480 = CARTESIAN_POINT('',(55.626492480606,-165.0393422534,
    6.752173271775));
#1481 = CARTESIAN_POINT('',(55.600725517151,-165.033628167,
    6.735298833566));
#1482 = CARTESIAN_POINT('',(55.57492549306,-165.0280604251,
    6.717654889589));
#1483 = CARTESIAN_POINT('',(55.549093210549,-165.0226392161,
    6.699158960662));
#1484 = CARTESIAN_POINT('',(55.523229419791,-165.0173647151,
    6.679715318318));
#1485 = CARTESIAN_POINT('',(55.497334783718,-165.0122370785,
    6.659208078264));
#1486 = CARTESIAN_POINT('',(55.471409867805,-165.0072564445,6.6374987111
    ));
#1487 = CARTESIAN_POINT('',(55.445455144224,-165.0024229368,
    6.614427954129));
#1488 = CARTESIAN_POINT('',(55.419470999656,-164.9977366688,
    6.58982210514));
#1489 = CARTESIAN_POINT('',(55.393457736112,-164.9931977466,
    6.56350367171));
#1490 = CARTESIAN_POINT('',(55.367415554059,-164.9888062706,
    6.535306342377));
#1491 = CARTESIAN_POINT('',(55.341344507208,-164.9845623319,
    6.505094234294));
#1492 = CARTESIAN_POINT('',(55.302208937292,-164.9784201265,
    6.456648949748));
#1493 = CARTESIAN_POINT('',(55.289167210211,-164.9764112275,
    6.439990387626));
#1494 = CARTESIAN_POINT('',(55.276119318973,-164.974439324,
    6.422815749463));
#1495 = CARTESIAN_POINT('',(55.263065292896,-164.9725044254,
    6.405125978743));
#1496 = CARTESIAN_POINT('',(55.250005138545,-164.970606538,
    6.386928235618));
#1497 = CARTESIAN_POINT('',(55.236938858049,-164.9687456691,
    6.368244616882));
#1498 = CARTESIAN_POINT('',(55.223866459018,-164.9669218269,
    6.349118253829));
#1499 = CARTESIAN_POINT('',(55.210787958799,-164.9651350232,
    6.329616797867));
#1500 = CARTESIAN_POINT('',(55.197703386277,-164.963385271,
    6.309833304611));
#1501 = CARTESIAN_POINT('',(55.184612783831,-164.961672587,6.2898845306)
  );
#1502 = CARTESIAN_POINT('',(55.171516212698,-164.9599969896,
    6.269906657056));
#1503 = CARTESIAN_POINT('',(55.158413764387,-164.9583585017,
    6.25004845779));
#1504 = CARTESIAN_POINT('',(55.145305581253,-164.9567571519,
    6.230461927544));
#1505 = CARTESIAN_POINT('',(55.125640021442,-164.9544114847,
    6.201711895325));
#1506 = CARTESIAN_POINT('',(55.119086784088,-164.9536392717,
    6.192234031828));
#1507 = CARTESIAN_POINT('',(55.112532195098,-164.9528763426,
    6.18287603712));
#1508 = CARTESIAN_POINT('',(55.105976270071,-164.9521227003,
    6.17365472594));
#1509 = CARTESIAN_POINT('',(55.099419022807,-164.9513783479,
    6.164584491742));
#1510 = CARTESIAN_POINT('',(55.092860466034,-164.9506432879,
    6.155677311135));
#1511 = CARTESIAN_POINT('',(55.086300612156,-164.949917523,
    6.146942748352));
#1512 = CARTESIAN_POINT('',(55.079739473974,-164.9492010554,
    6.138387959639));
#1513 = CARTESIAN_POINT('',(55.07317706543,-164.9484938881,
    6.130017697653));
#1514 = CARTESIAN_POINT('',(55.066613402338,-164.9477960237,
    6.12183431572));
#1515 = CARTESIAN_POINT('',(55.060048503112,-164.9471074654,
    6.113837772059));
#1516 = CARTESIAN_POINT('',(55.053482389506,-164.9464282166,
    6.106025633868));
#1517 = CARTESIAN_POINT('',(55.046915087339,-164.9457582813,
    6.098393081321));
#1518 = CARTESIAN_POINT('',(55.033781382498,-164.94443737,6.083476393434
    ));
#1519 = CARTESIAN_POINT('',(55.027214833067,-164.9437863708,
    6.076162268965));
#1520 = CARTESIAN_POINT('',(55.020648056229,-164.9431447628,
    6.06930589758));
#1521 = CARTESIAN_POINT('',(55.014075627241,-164.9425120724,
    6.061132774013));
#1522 = CARTESIAN_POINT('',(55.007515702437,-164.9418898816,
    6.057945451581));
#1523 = CARTESIAN_POINT('',(55.000924764577,-164.9412744248,
    6.043336551453));
#1524 = CARTESIAN_POINT('',(54.994382109967,-164.9406725288,
    6.049913695841));
#1525 = CARTESIAN_POINT('',(54.987775100273,-164.9400745525,
    6.026408501399));
#1526 = CARTESIAN_POINT('',(54.981230482613,-164.9394912901,
    6.037624667816));
#1527 = CARTESIAN_POINT('',(54.974634943538,-164.9389131411,
    6.016919686088));
#1528 = CARTESIAN_POINT('',(54.968068279026,-164.9383468396,
    6.020224085417));
#1529 = CARTESIAN_POINT('',(54.961487976888,-164.9377888091,
    6.009848574561));
#1530 = CARTESIAN_POINT('',(54.954908432946,-164.9372402674,
    6.005065443231));
#1531 = CARTESIAN_POINT('',(54.941752562483,-164.936162278,
    6.005065443231));
#1532 = CARTESIAN_POINT('',(54.935171485883,-164.9356324411,
    6.009848574555));
#1533 = CARTESIAN_POINT('',(54.92858811654,-164.935111843,6.020224085486
    ));
#1534 = CARTESIAN_POINT('',(54.922016856508,-164.9346016256,
    6.016919685814));
#1535 = CARTESIAN_POINT('',(54.915415178447,-164.9340983973,
    6.03762466843));
#1536 = CARTESIAN_POINT('',(54.908862910176,-164.9336085035,
    6.026408500483));
#1537 = CARTESIAN_POINT('',(54.90224668689,-164.9331229707,
    6.049913696816));
#1538 = CARTESIAN_POINT('',(54.895693322181,-164.9326517816,
    6.043336550698));
#1539 = CARTESIAN_POINT('',(54.889090110765,-164.9321861124,
    6.057945452005));
#1540 = CARTESIAN_POINT('',(54.88251640249,-164.931732136,6.061132773849
    ));
#1541 = CARTESIAN_POINT('',(54.875928647662,-164.9312864835,
    6.06930589762));
#1542 = CARTESIAN_POINT('',(54.869345017903,-164.9308505499,
    6.076162268961));
#1543 = CARTESIAN_POINT('',(54.862760083774,-164.9304239191,
    6.083476393434));
#1544 = CARTESIAN_POINT('',(54.849586538826,-164.9295892197,
    6.098393081321));
#1545 = CARTESIAN_POINT('',(54.842997779448,-164.9291811499,
    6.106025633869));
#1546 = CARTESIAN_POINT('',(54.836408676672,-164.9287824629,
    6.113837772058));
#1547 = CARTESIAN_POINT('',(54.829819256598,-164.928393159,
    6.121834315721));
#1548 = CARTESIAN_POINT('',(54.823229541286,-164.928013238,
    6.130017697651));
#1549 = CARTESIAN_POINT('',(54.816639549356,-164.9276427005,
    6.138387959643));
#1550 = CARTESIAN_POINT('',(54.810049296949,-164.9272815455,
    6.146942748348));
#1551 = CARTESIAN_POINT('',(54.803458798153,-164.9269297735,
    6.155677311139));
#1552 = CARTESIAN_POINT('',(54.796868066113,-164.9265873831,
    6.164584491739));
#1553 = CARTESIAN_POINT('',(54.790277113391,-164.9262543748,
    6.173654725942));
#1554 = CARTESIAN_POINT('',(54.783685953039,-164.9259307474,
    6.18287603712));
#1555 = CARTESIAN_POINT('',(54.777094599099,-164.9256165007,
    6.192234031829));
#1556 = CARTESIAN_POINT('',(54.770503067492,-164.9253116339,
    6.201711895325));
#1557 = CARTESIAN_POINT('',(54.750717977501,-164.9244247228,
    6.230461927544));
#1558 = CARTESIAN_POINT('',(54.737523962199,-164.9238708758,
    6.250048457791));
#1559 = CARTESIAN_POINT('',(54.724329559651,-164.9233546049,
    6.269906657057));
#1560 = CARTESIAN_POINT('',(54.71113491495,-164.9228759054,6.2898845306)
  );
#1561 = CARTESIAN_POINT('',(54.697940122102,-164.9224347694,
    6.309833304612));
#1562 = CARTESIAN_POINT('',(54.68474524456,-164.9220311888,
    6.329616797868));
#1563 = CARTESIAN_POINT('',(54.671550326822,-164.9216651539,
    6.349118253829));
#1564 = CARTESIAN_POINT('',(54.658355399533,-164.9213366567,
    6.368244616883));
#1565 = CARTESIAN_POINT('',(54.6451604817,-164.9210456882,6.386928235617
    ));
#1566 = CARTESIAN_POINT('',(54.631965582197,-164.9207922418,
    6.405125978744));
#1567 = CARTESIAN_POINT('',(54.618770704286,-164.9205763104,
    6.422815749463));
#1568 = CARTESIAN_POINT('',(54.605575855488,-164.920397889,
    6.439990387627));
#1569 = CARTESIAN_POINT('',(54.59238106623,-164.9202569732,
    6.456648949748));
#1570 = CARTESIAN_POINT('',(54.552767645185,-164.9199465021,
    6.505094234294));
#1571 = CARTESIAN_POINT('',(54.526353495836,-164.9198898143,
    6.535306342377));
#1572 = CARTESIAN_POINT('',(54.499943809158,-164.9199833947,
    6.563503671711));
#1573 = CARTESIAN_POINT('',(54.473538652994,-164.9202271621,
    6.589822105139));
#1574 = CARTESIAN_POINT('',(54.447138241446,-164.9206210502,
    6.614427954132));
#1575 = CARTESIAN_POINT('',(54.420742889823,-164.9211650032,
    6.637498711096));
#1576 = CARTESIAN_POINT('',(54.394352998066,-164.9218589723,
    6.659208078268));
#1577 = CARTESIAN_POINT('',(54.367969052193,-164.9227029124,
    6.679715318314));
#1578 = CARTESIAN_POINT('',(54.341591632637,-164.9236967791,
    6.699158960665));
#1579 = CARTESIAN_POINT('',(54.315221418964,-164.924840526,
    6.717654889587));
#1580 = CARTESIAN_POINT('',(54.288859179817,-164.9261341026,
    6.735298833567));
#1581 = CARTESIAN_POINT('',(54.262505737385,-164.9275774534,
    6.752173271775));
#1582 = CARTESIAN_POINT('',(54.236161895379,-164.9291705197,
    6.768358769932));
#1583 = CARTESIAN_POINT('',(54.157108777776,-164.9344021587,
    6.815162746315));
#1584 = CARTESIAN_POINT('',(54.104441465495,-164.9384901246,
    6.843953210045));
#1585 = CARTESIAN_POINT('',(54.051830461886,-164.9431764848,
    6.870896230038));
#1586 = CARTESIAN_POINT('',(53.999280570174,-164.9484605452,
    6.896444754011));
#1587 = CARTESIAN_POINT('',(53.946797283427,-164.9543415605,
    6.920955150165));
#1588 = CARTESIAN_POINT('',(53.894386679574,-164.9608187186,
    6.944709502413));
#1589 = CARTESIAN_POINT('',(53.842055273167,-164.9678911283,
    6.967934541371));
#1590 = CARTESIAN_POINT('',(53.789809850257,-164.9755578095,
    6.990817137393));
#1591 = CARTESIAN_POINT('',(53.737657314281,-164.9838176885,
    7.013516301386));
#1592 = CARTESIAN_POINT('',(53.68560456896,-164.9926695974,
    7.036171653067));
#1593 = CARTESIAN_POINT('',(53.633658466131,-165.0021122758,
    7.058908324413));
#1594 = CARTESIAN_POINT('',(53.581825844427,-165.0121443716,
    7.081838272559));
#1595 = CARTESIAN_POINT('',(53.5301136861,-165.0227644374,7.105057979429
    ));
#1596 = CARTESIAN_POINT('',(53.478529417974,-165.0339709166,
    7.12864251793));
#1597 = CARTESIAN_POINT('',(56.382692139134,-165.2719374272,9.));
#1598 = CARTESIAN_POINT('',(56.33364548326,-165.252493221,9.));
#1599 = CARTESIAN_POINT('',(56.284376350209,-165.2336058795,
    9.001654386632));
#1600 = CARTESIAN_POINT('',(56.234892678228,-165.21527828,9.004981130895
    ));
#1601 = CARTESIAN_POINT('',(56.185200495524,-165.1975128153,
    9.010011283492));
#1602 = CARTESIAN_POINT('',(56.135305214174,-165.1803116796,
    9.016785105283));
#1603 = CARTESIAN_POINT('',(56.08521231614,-165.1636770041,
    9.025350231682));
#1604 = CARTESIAN_POINT('',(56.034927543421,-165.1476108862,
    9.035761854252));
#1605 = CARTESIAN_POINT('',(55.984456705051,-165.1321153471,
    9.04808488387));
#1606 = CARTESIAN_POINT('',(55.93380521658,-165.1171922553,
    9.062398037537));
#1607 = CARTESIAN_POINT('',(55.882977487478,-165.1028432374,
    9.078799766106));
#1608 = CARTESIAN_POINT('',(55.831976274481,-165.0890696046,
    9.097415909208));
#1609 = CARTESIAN_POINT('',(55.780802118646,-165.0758723063,
    9.118408925732));
#1610 = CARTESIAN_POINT('',(55.729452985503,-165.0632519267,
    9.141988497757));
#1611 = CARTESIAN_POINT('',(55.652245606945,-165.0452071715,
    9.181596614119));
#1612 = CARTESIAN_POINT('',(55.626531869948,-165.0393512114,
    9.19547507822));
#1613 = CARTESIAN_POINT('',(55.600783146132,-165.0336409105,
    9.210092492918));
#1614 = CARTESIAN_POINT('',(55.574999926675,-165.0280764161,
    9.225486571972));
#1615 = CARTESIAN_POINT('',(55.549182735227,-165.022657886,
    9.241699757024));
#1616 = CARTESIAN_POINT('',(55.523331922592,-165.0173854459,
    9.258780381119));
#1617 = CARTESIAN_POINT('',(55.497447554538,-165.0122591744,
    9.276784121286));
#1618 = CARTESIAN_POINT('',(55.471529361766,-165.0072790991,
    9.295775739291));
#1619 = CARTESIAN_POINT('',(55.44557672125,-165.0024452081,
    9.315831115566));
#1620 = CARTESIAN_POINT('',(55.419588638299,-164.9977574568,
    9.337039575147));
#1621 = CARTESIAN_POINT('',(55.393563699003,-164.9932157777,
    9.359506512334));
#1622 = CARTESIAN_POINT('',(55.367499963208,-164.9888200767,
    9.383356314562));
#1623 = CARTESIAN_POINT('',(55.34139476872,-164.9845702203,
    9.408735593132));
#1624 = CARTESIAN_POINT('',(55.302221438543,-164.9784220886,
    9.449303241043));
#1625 = CARTESIAN_POINT('',(55.289191262454,-164.9764149281,
    9.46320755176));
#1626 = CARTESIAN_POINT('',(55.276153870532,-164.9744445336,
    9.477549674367));
#1627 = CARTESIAN_POINT('',(55.263109062692,-164.9725108895,
    9.492350890665));
#1628 = CARTESIAN_POINT('',(55.25005655148,-164.9706139711,
    9.507633684879));
#1629 = CARTESIAN_POINT('',(55.236996019019,-164.9687537537,
    9.52342143546));
#1630 = CARTESIAN_POINT('',(55.223927147762,-164.9669302193,
    9.539737859361));
#1631 = CARTESIAN_POINT('',(55.210849634962,-164.9651433565,
    9.556606205593));
#1632 = CARTESIAN_POINT('',(55.197763200754,-164.9633931633,
    9.574048192987));
#1633 = CARTESIAN_POINT('',(55.184667599579,-164.961679646,
    9.592082687762));
#1634 = CARTESIAN_POINT('',(55.17156264461,-164.9600028223,
    9.610724113425));
#1635 = CARTESIAN_POINT('',(55.158448254726,-164.9583627254,
    9.629980585521));
#1636 = CARTESIAN_POINT('',(55.145324533433,-164.9567594125,
    9.649851760111));
#1637 = CARTESIAN_POINT('',(55.125644742064,-164.9544120477,
    9.680533799584));
#1638 = CARTESIAN_POINT('',(55.119095540073,-164.9536403018,
    9.690890653819));
#1639 = CARTESIAN_POINT('',(55.112544296659,-164.952877747,
    9.701396038503));
#1640 = CARTESIAN_POINT('',(55.10599101729,-164.9521243888,
    9.712048334968));
#1641 = CARTESIAN_POINT('',(55.099435701804,-164.951380232,
    9.722845214183));
#1642 = CARTESIAN_POINT('',(55.092878346921,-164.9506452807,
    9.733783638008));
#1643 = CARTESIAN_POINT('',(55.086318948725,-164.9499195387,
    9.744859859068));
#1644 = CARTESIAN_POINT('',(55.079757505154,-164.9492030105,
    9.756069422212));
#1645 = CARTESIAN_POINT('',(55.073194018457,-164.9484957006,
    9.767407163591));
#1646 = CARTESIAN_POINT('',(55.066628497656,-164.9477976145,
    9.778867211854));
#1647 = CARTESIAN_POINT('',(55.060060960986,-164.9471087588,
    9.790442987064));
#1648 = CARTESIAN_POINT('',(55.053491438322,-164.9464291416,
    9.802127201043));
#1649 = CARTESIAN_POINT('',(55.046919973602,-164.9457587728,
    9.813911856476));
#1650 = CARTESIAN_POINT('',(55.033786256728,-164.9444378602,
    9.837641192246));
#1651 = CARTESIAN_POINT('',(55.02722349654,-164.9437872322,
    9.849642613876));
#1652 = CARTESIAN_POINT('',(55.020662905167,-164.9431461862,
    9.861148596442));
#1653 = CARTESIAN_POINT('',(55.014081173921,-164.9425126866,
    9.875616667496));
#1654 = CARTESIAN_POINT('',(55.00755601706,-164.9418935032,
    9.880643357205));
#1655 = CARTESIAN_POINT('',(55.000901088391,-164.941272511,
    9.908352714314));
#1656 = CARTESIAN_POINT('',(54.994455590414,-164.9406789121,
    9.894855107596));
#1657 = CARTESIAN_POINT('',(54.98773778173,-164.9400714708,
    9.940386135905));
#1658 = CARTESIAN_POINT('',(54.981289259402,-164.9394963127,
    9.918300093679));
#1659 = CARTESIAN_POINT('',(54.974626005326,-164.9389124272,
    9.958598353361));
#1660 = CARTESIAN_POINT('',(54.968088616833,-164.9383485591,
    9.952188014013));
#1661 = CARTESIAN_POINT('',(54.961495647779,-164.9377894428,
    9.972428385143));
#1662 = CARTESIAN_POINT('',(54.954908432946,-164.9372402674,
    9.981743373852));
#1663 = CARTESIAN_POINT('',(54.941752562483,-164.936162278,
    9.981743373852));
#1664 = CARTESIAN_POINT('',(54.935163814155,-164.9356318176,
    9.972428385157));
#1665 = CARTESIAN_POINT('',(54.928567770096,-164.9351102289,
    9.952188013867));
#1666 = CARTESIAN_POINT('',(54.922025791713,-164.9346023763,
    9.95859835393));
#1667 = CARTESIAN_POINT('',(54.915356368027,-164.9340937849,
    9.918300092402));
#1668 = CARTESIAN_POINT('',(54.908900232646,-164.9336115377,
    9.940386137801));
#1669 = CARTESIAN_POINT('',(54.902173147417,-164.9331173073,
    9.894855105562));
#1670 = CARTESIAN_POINT('',(54.895716994143,-164.9326537473,
    9.908352715898));
#1671 = CARTESIAN_POINT('',(54.889049744302,-164.9321831231,
    9.880643356301));
#1672 = CARTESIAN_POINT('',(54.882510829834,-164.931731839,
    9.875616667854));
#1673 = CARTESIAN_POINT('',(54.875913765085,-164.9312854707,
    9.861148596352));
#1674 = CARTESIAN_POINT('',(54.869336329769,-164.9308499895,
    9.849642613886));
#1675 = CARTESIAN_POINT('',(54.862755194759,-164.9304236093,
    9.837641192246));
#1676 = CARTESIAN_POINT('',(54.849581637742,-164.9295889091,
    9.813911856476));
#1677 = CARTESIAN_POINT('',(54.842988700754,-164.9291805895,
    9.80212720104));
#1678 = CARTESIAN_POINT('',(54.836396174419,-164.9287817111,
    9.790442987074));
#1679 = CARTESIAN_POINT('',(54.82980410368,-164.9283922711,
    9.778867211831));
#1680 = CARTESIAN_POINT('',(54.823212519331,-164.9280122667,
    9.767407163631));
#1681 = CARTESIAN_POINT('',(54.816621440438,-164.9276416942,
    9.756069422155));
#1682 = CARTESIAN_POINT('',(54.810030876803,-164.9272805496,
    9.744859859132));
#1683 = CARTESIAN_POINT('',(54.803440831402,-164.9269288287,
    9.733783637947));
#1684 = CARTESIAN_POINT('',(54.79685130288,-164.9265865271,
    9.722845214229));
#1685 = CARTESIAN_POINT('',(54.790262288022,-164.9262536401,
    9.712048334939));
#1686 = CARTESIAN_POINT('',(54.783673784267,-164.9259301632,
    9.701396038516));
#1687 = CARTESIAN_POINT('',(54.777085792218,-164.9256160917,
    9.690890653814));
#1688 = CARTESIAN_POINT('',(54.770498318178,-164.925311421,
    9.680533799585));
#1689 = CARTESIAN_POINT('',(54.750698910126,-164.9244238681,
    9.64985176011));
#1690 = CARTESIAN_POINT('',(54.737489244363,-164.9238694285,
    9.629980585523));
#1691 = CARTESIAN_POINT('',(54.724282797593,-164.9233528014,
    9.610724113421));
#1692 = CARTESIAN_POINT('',(54.711079681258,-164.922873947,9.59208268777
    ));
#1693 = CARTESIAN_POINT('',(54.697879820721,-164.9224328194,
    9.574048192973));
#1694 = CARTESIAN_POINT('',(54.684683034526,-164.9220293709,
    9.556606205611));
#1695 = CARTESIAN_POINT('',(54.671489081431,-164.9216635549,
    9.53973785934));
#1696 = CARTESIAN_POINT('',(54.65829768494,-164.9213353284,9.52342143548
    ));
#1697 = CARTESIAN_POINT('',(54.645108544555,-164.9210446527,
    9.507633684863));
#1698 = CARTESIAN_POINT('',(54.631921343964,-164.9207914945,
    9.492350890674));
#1699 = CARTESIAN_POINT('',(54.618735765551,-164.920575826,
    9.477549674363));
#1700 = CARTESIAN_POINT('',(54.605551521659,-164.9203976249,
    9.463207551761));
#1701 = CARTESIAN_POINT('',(54.592368412337,-164.9202568741,
    9.449303241043));
#1702 = CARTESIAN_POINT('',(54.552716769973,-164.9199461033,
    9.408735593131));
#1703 = CARTESIAN_POINT('',(54.526267965139,-164.9198896956,
    9.383356314564));
#1704 = CARTESIAN_POINT('',(54.499836324454,-164.9199839359,
    9.359506512328));
#1705 = CARTESIAN_POINT('',(54.47341919947,-164.9202285229,
    9.337039575158));
#1706 = CARTESIAN_POINT('',(54.447014660651,-164.9206232331,
    9.315831115547));
#1707 = CARTESIAN_POINT('',(54.420621301867,-164.9211679037,
    9.295775739314));
#1708 = CARTESIAN_POINT('',(54.394238134565,-164.9218624157,
    9.276784121262));
#1709 = CARTESIAN_POINT('',(54.367864541928,-164.9227066808,
    9.258780381138));
#1710 = CARTESIAN_POINT('',(54.341500262913,-164.9237006265,
    9.241699757011));
#1711 = CARTESIAN_POINT('',(54.315145375059,-164.924844187,
    9.225486571979));
#1712 = CARTESIAN_POINT('',(54.288800245059,-164.9261372949,
    9.210092492915));
#1713 = CARTESIAN_POINT('',(54.262465415205,-164.9275798799,
    9.195475078221));
#1714 = CARTESIAN_POINT('',(54.236141394129,-164.9291718765,
    9.181596614119));
#1715 = CARTESIAN_POINT('',(54.15702641706,-164.9344076092,
    9.141988497757));
#1716 = CARTESIAN_POINT('',(54.104307785756,-164.9385006971,
    9.118408925734));
#1717 = CARTESIAN_POINT('',(54.051667883135,-164.9431914922,9.0974159092
    ));
#1718 = CARTESIAN_POINT('',(53.999104796945,-164.9484790872,
    9.078799766122));
#1719 = CARTESIAN_POINT('',(53.946619215638,-164.9543626331,
    9.062398037509));
#1720 = CARTESIAN_POINT('',(53.894214072535,-164.9608412853,
    9.048084883906));
#1721 = CARTESIAN_POINT('',(53.841893983214,-164.9679141562,
    9.035761854213));
#1722 = CARTESIAN_POINT('',(53.78966459497,-164.9755802845,
    9.025350231717));
#1723 = CARTESIAN_POINT('',(53.737531968567,-164.9838386209,
    9.016785105257));
#1724 = CARTESIAN_POINT('',(53.685502110674,-164.9926880313,
    9.010011283508));
#1725 = CARTESIAN_POINT('',(53.63358077719,-165.0021273048,
    9.004981130887));
#1726 = CARTESIAN_POINT('',(53.581773665126,-165.0121551578,
    9.001654386634));
#1727 = CARTESIAN_POINT('',(53.530087111807,-165.0227702106,
    8.999999999999));
#1728 = CARTESIAN_POINT('',(53.478529417974,-165.0339709166,9.));
#1729 = ADVANCED_FACE('',(#1730),#1749,.T.);
#1730 = FACE_BOUND('',#1731,.F.);
#1731 = EDGE_LOOP('',(#1732,#1740,#1747,#1748));
#1732 = ORIENTED_EDGE('',*,*,#1733,.T.);
#1733 = EDGE_CURVE('',#329,#1734,#1736,.T.);
#1734 = VERTEX_POINT('',#1735);
#1735 = CARTESIAN_POINT('',(61.5,-146.,22.));
#1736 = LINE('',#1737,#1738);
#1737 = CARTESIAN_POINT('',(61.5,-146.,2.));
#1738 = VECTOR('',#1739,1.);
#1739 = DIRECTION('',(0.,0.,1.));
#1740 = ORIENTED_EDGE('',*,*,#1741,.T.);
#1741 = EDGE_CURVE('',#1734,#1734,#1742,.T.);
#1742 = CIRCLE('',#1743,5.);
#1743 = AXIS2_PLACEMENT_3D('',#1744,#1745,#1746);
#1744 = CARTESIAN_POINT('',(56.5,-146.,22.));
#1745 = DIRECTION('',(0.,0.,1.));
#1746 = DIRECTION('',(1.,0.,0.));
#1747 = ORIENTED_EDGE('',*,*,#1733,.F.);
#1748 = ORIENTED_EDGE('',*,*,#337,.F.);
#1749 = CYLINDRICAL_SURFACE('',#1750,5.);
#1750 = AXIS2_PLACEMENT_3D('',#1751,#1752,#1753);
#1751 = CARTESIAN_POINT('',(56.5,-146.,2.));
#1752 = DIRECTION('',(-0.,-0.,-1.));
#1753 = DIRECTION('',(1.,0.,0.));
#1754 = ADVANCED_FACE('',(#1755),#1776,.T.);
#1755 = FACE_BOUND('',#1756,.F.);
#1756 = EDGE_LOOP('',(#1757,#1765,#1772,#1773,#1774,#1775));
#1757 = ORIENTED_EDGE('',*,*,#1758,.T.);
#1758 = EDGE_CURVE('',#367,#1759,#1761,.T.);
#1759 = VERTEX_POINT('',#1760);
#1760 = CARTESIAN_POINT('',(59.54,-169.92,22.));
#1761 = LINE('',#1762,#1763);
#1762 = CARTESIAN_POINT('',(59.54,-169.92,2.));
#1763 = VECTOR('',#1764,1.);
#1764 = DIRECTION('',(0.,0.,1.));
#1765 = ORIENTED_EDGE('',*,*,#1766,.T.);
#1766 = EDGE_CURVE('',#1759,#1759,#1767,.T.);
#1767 = CIRCLE('',#1768,5.);
#1768 = AXIS2_PLACEMENT_3D('',#1769,#1770,#1771);
#1769 = CARTESIAN_POINT('',(54.54,-169.92,22.));
#1770 = DIRECTION('',(0.,0.,1.));
#1771 = DIRECTION('',(1.,0.,0.));
#1772 = ORIENTED_EDGE('',*,*,#1758,.F.);
#1773 = ORIENTED_EDGE('',*,*,#375,.F.);
#1774 = ORIENTED_EDGE('',*,*,#668,.F.);
#1775 = ORIENTED_EDGE('',*,*,#401,.F.);
#1776 = CYLINDRICAL_SURFACE('',#1777,5.);
#1777 = AXIS2_PLACEMENT_3D('',#1778,#1779,#1780);
#1778 = CARTESIAN_POINT('',(54.54,-169.92,2.));
#1779 = DIRECTION('',(-0.,-0.,-1.));
#1780 = DIRECTION('',(1.,0.,0.));
#1781 = ADVANCED_FACE('',(#1782),#1801,.T.);
#1782 = FACE_BOUND('',#1783,.F.);
#1783 = EDGE_LOOP('',(#1784,#1792,#1799,#1800));
#1784 = ORIENTED_EDGE('',*,*,#1785,.T.);
#1785 = EDGE_CURVE('',#417,#1786,#1788,.T.);
#1786 = VERTEX_POINT('',#1787);
#1787 = CARTESIAN_POINT('',(136.5,-146.,22.));
#1788 = LINE('',#1789,#1790);
#1789 = CARTESIAN_POINT('',(136.5,-146.,2.));
#1790 = VECTOR('',#1791,1.);
#1791 = DIRECTION('',(0.,0.,1.));
#1792 = ORIENTED_EDGE('',*,*,#1793,.T.);
#1793 = EDGE_CURVE('',#1786,#1786,#1794,.T.);
#1794 = CIRCLE('',#1795,5.);
#1795 = AXIS2_PLACEMENT_3D('',#1796,#1797,#1798);
#1796 = CARTESIAN_POINT('',(131.5,-146.,22.));
#1797 = DIRECTION('',(0.,0.,1.));
#1798 = DIRECTION('',(1.,0.,0.));
#1799 = ORIENTED_EDGE('',*,*,#1785,.F.);
#1800 = ORIENTED_EDGE('',*,*,#427,.F.);
#1801 = CYLINDRICAL_SURFACE('',#1802,5.);
#1802 = AXIS2_PLACEMENT_3D('',#1803,#1804,#1805);
#1803 = CARTESIAN_POINT('',(131.5,-146.,2.));
#1804 = DIRECTION('',(-0.,-0.,-1.));
#1805 = DIRECTION('',(1.,0.,0.));
#1806 = ADVANCED_FACE('',(#1807),#1826,.T.);
#1807 = FACE_BOUND('',#1808,.F.);
#1808 = EDGE_LOOP('',(#1809,#1817,#1824,#1825));
#1809 = ORIENTED_EDGE('',*,*,#1810,.T.);
#1810 = EDGE_CURVE('',#443,#1811,#1813,.T.);
#1811 = VERTEX_POINT('',#1812);
#1812 = CARTESIAN_POINT('',(149.4,-116.499805,10.));
#1813 = LINE('',#1814,#1815);
#1814 = CARTESIAN_POINT('',(149.4,-116.499805,2.));
#1815 = VECTOR('',#1816,1.);
#1816 = DIRECTION('',(0.,0.,1.));
#1817 = ORIENTED_EDGE('',*,*,#1818,.T.);
#1818 = EDGE_CURVE('',#1811,#1811,#1819,.T.);
#1819 = CIRCLE('',#1820,5.);
#1820 = AXIS2_PLACEMENT_3D('',#1821,#1822,#1823);
#1821 = CARTESIAN_POINT('',(144.4,-116.499805,10.));
#1822 = DIRECTION('',(0.,0.,1.));
#1823 = DIRECTION('',(1.,0.,0.));
#1824 = ORIENTED_EDGE('',*,*,#1810,.F.);
#1825 = ORIENTED_EDGE('',*,*,#453,.F.);
#1826 = CYLINDRICAL_SURFACE('',#1827,5.);
#1827 = AXIS2_PLACEMENT_3D('',#1828,#1829,#1830);
#1828 = CARTESIAN_POINT('',(144.4,-116.499805,2.));
#1829 = DIRECTION('',(-0.,-0.,-1.));
#1830 = DIRECTION('',(1.,0.,0.));
#1831 = ADVANCED_FACE('',(#1832),#1851,.T.);
#1832 = FACE_BOUND('',#1833,.F.);
#1833 = EDGE_LOOP('',(#1834,#1842,#1849,#1850));
#1834 = ORIENTED_EDGE('',*,*,#1835,.T.);
#1835 = EDGE_CURVE('',#469,#1836,#1838,.T.);
#1836 = VERTEX_POINT('',#1837);
#1837 = CARTESIAN_POINT('',(61.5,-115.5,10.));
#1838 = LINE('',#1839,#1840);
#1839 = CARTESIAN_POINT('',(61.5,-115.5,2.));
#1840 = VECTOR('',#1841,1.);
#1841 = DIRECTION('',(0.,0.,1.));
#1842 = ORIENTED_EDGE('',*,*,#1843,.T.);
#1843 = EDGE_CURVE('',#1836,#1836,#1844,.T.);
#1844 = CIRCLE('',#1845,5.);
#1845 = AXIS2_PLACEMENT_3D('',#1846,#1847,#1848);
#1846 = CARTESIAN_POINT('',(56.5,-115.5,10.));
#1847 = DIRECTION('',(0.,0.,1.));
#1848 = DIRECTION('',(1.,0.,0.));
#1849 = ORIENTED_EDGE('',*,*,#1835,.F.);
#1850 = ORIENTED_EDGE('',*,*,#479,.F.);
#1851 = CYLINDRICAL_SURFACE('',#1852,5.);
#1852 = AXIS2_PLACEMENT_3D('',#1853,#1854,#1855);
#1853 = CARTESIAN_POINT('',(56.5,-115.5,2.));
#1854 = DIRECTION('',(-0.,-0.,-1.));
#1855 = DIRECTION('',(1.,0.,0.));
#1856 = ADVANCED_FACE('',(#1857),#1876,.T.);
#1857 = FACE_BOUND('',#1858,.F.);
#1858 = EDGE_LOOP('',(#1859,#1867,#1874,#1875));
#1859 = ORIENTED_EDGE('',*,*,#1860,.T.);
#1860 = EDGE_CURVE('',#495,#1861,#1863,.T.);
#1861 = VERTEX_POINT('',#1862);
#1862 = CARTESIAN_POINT('',(149.3,-26.,10.));
#1863 = LINE('',#1864,#1865);
#1864 = CARTESIAN_POINT('',(149.3,-26.,2.));
#1865 = VECTOR('',#1866,1.);
#1866 = DIRECTION('',(0.,0.,1.));
#1867 = ORIENTED_EDGE('',*,*,#1868,.T.);
#1868 = EDGE_CURVE('',#1861,#1861,#1869,.T.);
#1869 = CIRCLE('',#1870,5.);
#1870 = AXIS2_PLACEMENT_3D('',#1871,#1872,#1873);
#1871 = CARTESIAN_POINT('',(144.3,-26.,10.));
#1872 = DIRECTION('',(0.,0.,1.));
#1873 = DIRECTION('',(1.,0.,0.));
#1874 = ORIENTED_EDGE('',*,*,#1860,.F.);
#1875 = ORIENTED_EDGE('',*,*,#505,.F.);
#1876 = CYLINDRICAL_SURFACE('',#1877,5.);
#1877 = AXIS2_PLACEMENT_3D('',#1878,#1879,#1880);
#1878 = CARTESIAN_POINT('',(144.3,-26.,2.));
#1879 = DIRECTION('',(-0.,-0.,-1.));
#1880 = DIRECTION('',(1.,0.,0.));
#1881 = ADVANCED_FACE('',(#1882),#1901,.T.);
#1882 = FACE_BOUND('',#1883,.F.);
#1883 = EDGE_LOOP('',(#1884,#1892,#1899,#1900));
#1884 = ORIENTED_EDGE('',*,*,#1885,.T.);
#1885 = EDGE_CURVE('',#521,#1886,#1888,.T.);
#1886 = VERTEX_POINT('',#1887);
#1887 = CARTESIAN_POINT('',(62.,-26.,10.));
#1888 = LINE('',#1889,#1890);
#1889 = CARTESIAN_POINT('',(62.,-26.,2.));
#1890 = VECTOR('',#1891,1.);
#1891 = DIRECTION('',(0.,0.,1.));
#1892 = ORIENTED_EDGE('',*,*,#1893,.T.);
#1893 = EDGE_CURVE('',#1886,#1886,#1894,.T.);
#1894 = CIRCLE('',#1895,5.);
#1895 = AXIS2_PLACEMENT_3D('',#1896,#1897,#1898);
#1896 = CARTESIAN_POINT('',(57.,-26.,10.));
#1897 = DIRECTION('',(0.,0.,1.));
#1898 = DIRECTION('',(1.,0.,0.));
#1899 = ORIENTED_EDGE('',*,*,#1885,.F.);
#1900 = ORIENTED_EDGE('',*,*,#531,.F.);
#1901 = CYLINDRICAL_SURFACE('',#1902,5.);
#1902 = AXIS2_PLACEMENT_3D('',#1903,#1904,#1905);
#1903 = CARTESIAN_POINT('',(57.,-26.,2.));
#1904 = DIRECTION('',(-0.,-0.,-1.));
#1905 = DIRECTION('',(1.,0.,0.));
#1906 = ADVANCED_FACE('',(#1907),#1913,.F.);
#1907 = FACE_BOUND('',#1908,.F.);
#1908 = EDGE_LOOP('',(#1909,#1910,#1911,#1912));
#1909 = ORIENTED_EDGE('',*,*,#563,.T.);
#1910 = ORIENTED_EDGE('',*,*,#611,.T.);
#1911 = ORIENTED_EDGE('',*,*,#628,.T.);
#1912 = ORIENTED_EDGE('',*,*,#587,.T.);
#1913 = PLANE('',#1914);
#1914 = AXIS2_PLACEMENT_3D('',#1915,#1916,#1917);
#1915 = CARTESIAN_POINT('',(101.1187173978,-96.8365999847,0.));
#1916 = DIRECTION('',(0.,0.,1.));
#1917 = DIRECTION('',(1.,0.,0.));
#1918 = ADVANCED_FACE('',(#1919,#1922),#1933,.T.);
#1919 = FACE_BOUND('',#1920,.T.);
#1920 = EDGE_LOOP('',(#1921));
#1921 = ORIENTED_EDGE('',*,*,#650,.T.);
#1922 = FACE_BOUND('',#1923,.T.);
#1923 = EDGE_LOOP('',(#1924));
#1924 = ORIENTED_EDGE('',*,*,#1925,.F.);
#1925 = EDGE_CURVE('',#1926,#1926,#1928,.T.);
#1926 = VERTEX_POINT('',#1927);
#1927 = CARTESIAN_POINT('',(149.21,-169.92,22.));
#1928 = CIRCLE('',#1929,1.75);
#1929 = AXIS2_PLACEMENT_3D('',#1930,#1931,#1932);
#1930 = CARTESIAN_POINT('',(147.46,-169.92,22.));
#1931 = DIRECTION('',(0.,0.,1.));
#1932 = DIRECTION('',(1.,0.,0.));
#1933 = PLANE('',#1934);
#1934 = AXIS2_PLACEMENT_3D('',#1935,#1936,#1937);
#1935 = CARTESIAN_POINT('',(97.5,-157.96,22.));
#1936 = DIRECTION('',(0.,0.,1.));
#1937 = DIRECTION('',(1.,0.,0.));
#1938 = ADVANCED_FACE('',(#1939,#1942),#1953,.T.);
#1939 = FACE_BOUND('',#1940,.T.);
#1940 = EDGE_LOOP('',(#1941));
#1941 = ORIENTED_EDGE('',*,*,#1741,.T.);
#1942 = FACE_BOUND('',#1943,.T.);
#1943 = EDGE_LOOP('',(#1944));
#1944 = ORIENTED_EDGE('',*,*,#1945,.F.);
#1945 = EDGE_CURVE('',#1946,#1946,#1948,.T.);
#1946 = VERTEX_POINT('',#1947);
#1947 = CARTESIAN_POINT('',(58.25,-146.,22.));
#1948 = CIRCLE('',#1949,1.75);
#1949 = AXIS2_PLACEMENT_3D('',#1950,#1951,#1952);
#1950 = CARTESIAN_POINT('',(56.5,-146.,22.));
#1951 = DIRECTION('',(0.,0.,1.));
#1952 = DIRECTION('',(1.,0.,0.));
#1953 = PLANE('',#1954);
#1954 = AXIS2_PLACEMENT_3D('',#1955,#1956,#1957);
#1955 = CARTESIAN_POINT('',(97.5,-157.96,22.));
#1956 = DIRECTION('',(0.,0.,1.));
#1957 = DIRECTION('',(1.,0.,0.));
#1958 = ADVANCED_FACE('',(#1959,#1962),#1973,.T.);
#1959 = FACE_BOUND('',#1960,.T.);
#1960 = EDGE_LOOP('',(#1961));
#1961 = ORIENTED_EDGE('',*,*,#1766,.T.);
#1962 = FACE_BOUND('',#1963,.T.);
#1963 = EDGE_LOOP('',(#1964));
#1964 = ORIENTED_EDGE('',*,*,#1965,.F.);
#1965 = EDGE_CURVE('',#1966,#1966,#1968,.T.);
#1966 = VERTEX_POINT('',#1967);
#1967 = CARTESIAN_POINT('',(56.29,-169.92,22.));
#1968 = CIRCLE('',#1969,1.75);
#1969 = AXIS2_PLACEMENT_3D('',#1970,#1971,#1972);
#1970 = CARTESIAN_POINT('',(54.54,-169.92,22.));
#1971 = DIRECTION('',(0.,0.,1.));
#1972 = DIRECTION('',(1.,0.,0.));
#1973 = PLANE('',#1974);
#1974 = AXIS2_PLACEMENT_3D('',#1975,#1976,#1977);
#1975 = CARTESIAN_POINT('',(97.5,-157.96,22.));
#1976 = DIRECTION('',(0.,0.,1.));
#1977 = DIRECTION('',(1.,0.,0.));
#1978 = ADVANCED_FACE('',(#1979,#1982),#1993,.T.);
#1979 = FACE_BOUND('',#1980,.T.);
#1980 = EDGE_LOOP('',(#1981));
#1981 = ORIENTED_EDGE('',*,*,#1793,.T.);
#1982 = FACE_BOUND('',#1983,.T.);
#1983 = EDGE_LOOP('',(#1984));
#1984 = ORIENTED_EDGE('',*,*,#1985,.F.);
#1985 = EDGE_CURVE('',#1986,#1986,#1988,.T.);
#1986 = VERTEX_POINT('',#1987);
#1987 = CARTESIAN_POINT('',(133.25,-146.,22.));
#1988 = CIRCLE('',#1989,1.75);
#1989 = AXIS2_PLACEMENT_3D('',#1990,#1991,#1992);
#1990 = CARTESIAN_POINT('',(131.5,-146.,22.));
#1991 = DIRECTION('',(0.,0.,1.));
#1992 = DIRECTION('',(1.,0.,0.));
#1993 = PLANE('',#1994);
#1994 = AXIS2_PLACEMENT_3D('',#1995,#1996,#1997);
#1995 = CARTESIAN_POINT('',(97.5,-157.96,22.));
#1996 = DIRECTION('',(0.,0.,1.));
#1997 = DIRECTION('',(1.,0.,0.));
#1998 = ADVANCED_FACE('',(#1999,#2002),#2013,.T.);
#1999 = FACE_BOUND('',#2000,.T.);
#2000 = EDGE_LOOP('',(#2001));
#2001 = ORIENTED_EDGE('',*,*,#1818,.T.);
#2002 = FACE_BOUND('',#2003,.T.);
#2003 = EDGE_LOOP('',(#2004));
#2004 = ORIENTED_EDGE('',*,*,#2005,.F.);
#2005 = EDGE_CURVE('',#2006,#2006,#2008,.T.);
#2006 = VERTEX_POINT('',#2007);
#2007 = CARTESIAN_POINT('',(146.148749,-116.499805,10.));
#2008 = CIRCLE('',#2009,1.748749);
#2009 = AXIS2_PLACEMENT_3D('',#2010,#2011,#2012);
#2010 = CARTESIAN_POINT('',(144.4,-116.499805,10.));
#2011 = DIRECTION('',(0.,0.,1.));
#2012 = DIRECTION('',(1.,0.,0.));
#2013 = PLANE('',#2014);
#2014 = AXIS2_PLACEMENT_3D('',#2015,#2016,#2017);
#2015 = CARTESIAN_POINT('',(100.55,-70.99995125,10.));
#2016 = DIRECTION('',(0.,0.,1.));
#2017 = DIRECTION('',(1.,0.,0.));
#2018 = ADVANCED_FACE('',(#2019,#2022),#2033,.T.);
#2019 = FACE_BOUND('',#2020,.T.);
#2020 = EDGE_LOOP('',(#2021));
#2021 = ORIENTED_EDGE('',*,*,#1843,.T.);
#2022 = FACE_BOUND('',#2023,.T.);
#2023 = EDGE_LOOP('',(#2024));
#2024 = ORIENTED_EDGE('',*,*,#2025,.F.);
#2025 = EDGE_CURVE('',#2026,#2026,#2028,.T.);
#2026 = VERTEX_POINT('',#2027);
#2027 = CARTESIAN_POINT('',(58.249236,-115.5,10.));
#2028 = CIRCLE('',#2029,1.749236);
#2029 = AXIS2_PLACEMENT_3D('',#2030,#2031,#2032);
#2030 = CARTESIAN_POINT('',(56.5,-115.5,10.));
#2031 = DIRECTION('',(0.,0.,1.));
#2032 = DIRECTION('',(1.,0.,0.));
#2033 = PLANE('',#2034);
#2034 = AXIS2_PLACEMENT_3D('',#2035,#2036,#2037);
#2035 = CARTESIAN_POINT('',(100.55,-70.99995125,10.));
#2036 = DIRECTION('',(0.,0.,1.));
#2037 = DIRECTION('',(1.,0.,0.));
#2038 = ADVANCED_FACE('',(#2039,#2042),#2053,.T.);
#2039 = FACE_BOUND('',#2040,.T.);
#2040 = EDGE_LOOP('',(#2041));
#2041 = ORIENTED_EDGE('',*,*,#1868,.T.);
#2042 = FACE_BOUND('',#2043,.T.);
#2043 = EDGE_LOOP('',(#2044));
#2044 = ORIENTED_EDGE('',*,*,#2045,.F.);
#2045 = EDGE_CURVE('',#2046,#2046,#2048,.T.);
#2046 = VERTEX_POINT('',#2047);
#2047 = CARTESIAN_POINT('',(146.049025,-26.,10.));
#2048 = CIRCLE('',#2049,1.749025);
#2049 = AXIS2_PLACEMENT_3D('',#2050,#2051,#2052);
#2050 = CARTESIAN_POINT('',(144.3,-26.,10.));
#2051 = DIRECTION('',(0.,0.,1.));
#2052 = DIRECTION('',(1.,0.,0.));
#2053 = PLANE('',#2054);
#2054 = AXIS2_PLACEMENT_3D('',#2055,#2056,#2057);
#2055 = CARTESIAN_POINT('',(100.55,-70.99995125,10.));
#2056 = DIRECTION('',(0.,0.,1.));
#2057 = DIRECTION('',(1.,0.,0.));
#2058 = ADVANCED_FACE('',(#2059,#2062),#2073,.T.);
#2059 = FACE_BOUND('',#2060,.T.);
#2060 = EDGE_LOOP('',(#2061));
#2061 = ORIENTED_EDGE('',*,*,#1893,.T.);
#2062 = FACE_BOUND('',#2063,.T.);
#2063 = EDGE_LOOP('',(#2064));
#2064 = ORIENTED_EDGE('',*,*,#2065,.F.);
#2065 = EDGE_CURVE('',#2066,#2066,#2068,.T.);
#2066 = VERTEX_POINT('',#2067);
#2067 = CARTESIAN_POINT('',(58.75,-26.,10.));
#2068 = CIRCLE('',#2069,1.75);
#2069 = AXIS2_PLACEMENT_3D('',#2070,#2071,#2072);
#2070 = CARTESIAN_POINT('',(57.,-26.,10.));
#2071 = DIRECTION('',(0.,0.,1.));
#2072 = DIRECTION('',(1.,0.,0.));
#2073 = PLANE('',#2074);
#2074 = AXIS2_PLACEMENT_3D('',#2075,#2076,#2077);
#2075 = CARTESIAN_POINT('',(100.55,-70.99995125,10.));
#2076 = DIRECTION('',(0.,0.,1.));
#2077 = DIRECTION('',(1.,0.,0.));
#2078 = ADVANCED_FACE('',(#2079),#2098,.F.);
#2079 = FACE_BOUND('',#2080,.F.);
#2080 = EDGE_LOOP('',(#2081,#2089,#2096,#2097));
#2081 = ORIENTED_EDGE('',*,*,#2082,.T.);
#2082 = EDGE_CURVE('',#1926,#2083,#2085,.T.);
#2083 = VERTEX_POINT('',#2084);
#2084 = CARTESIAN_POINT('',(149.21,-169.92,16.));
#2085 = LINE('',#2086,#2087);
#2086 = CARTESIAN_POINT('',(149.21,-169.92,22.));
#2087 = VECTOR('',#2088,1.);
#2088 = DIRECTION('',(-0.,-0.,-1.));
#2089 = ORIENTED_EDGE('',*,*,#2090,.T.);
#2090 = EDGE_CURVE('',#2083,#2083,#2091,.T.);
#2091 = CIRCLE('',#2092,1.75);
#2092 = AXIS2_PLACEMENT_3D('',#2093,#2094,#2095);
#2093 = CARTESIAN_POINT('',(147.46,-169.92,16.));
#2094 = DIRECTION('',(0.,0.,1.));
#2095 = DIRECTION('',(1.,0.,0.));
#2096 = ORIENTED_EDGE('',*,*,#2082,.F.);
#2097 = ORIENTED_EDGE('',*,*,#1925,.F.);
#2098 = CYLINDRICAL_SURFACE('',#2099,1.75);
#2099 = AXIS2_PLACEMENT_3D('',#2100,#2101,#2102);
#2100 = CARTESIAN_POINT('',(147.46,-169.92,22.));
#2101 = DIRECTION('',(0.,0.,1.));
#2102 = DIRECTION('',(1.,0.,0.));
#2103 = ADVANCED_FACE('',(#2104),#2123,.F.);
#2104 = FACE_BOUND('',#2105,.F.);
#2105 = EDGE_LOOP('',(#2106,#2114,#2121,#2122));
#2106 = ORIENTED_EDGE('',*,*,#2107,.T.);
#2107 = EDGE_CURVE('',#1946,#2108,#2110,.T.);
#2108 = VERTEX_POINT('',#2109);
#2109 = CARTESIAN_POINT('',(58.25,-146.,16.));
#2110 = LINE('',#2111,#2112);
#2111 = CARTESIAN_POINT('',(58.25,-146.,22.));
#2112 = VECTOR('',#2113,1.);
#2113 = DIRECTION('',(-0.,-0.,-1.));
#2114 = ORIENTED_EDGE('',*,*,#2115,.T.);
#2115 = EDGE_CURVE('',#2108,#2108,#2116,.T.);
#2116 = CIRCLE('',#2117,1.75);
#2117 = AXIS2_PLACEMENT_3D('',#2118,#2119,#2120);
#2118 = CARTESIAN_POINT('',(56.5,-146.,16.));
#2119 = DIRECTION('',(0.,0.,1.));
#2120 = DIRECTION('',(1.,0.,0.));
#2121 = ORIENTED_EDGE('',*,*,#2107,.F.);
#2122 = ORIENTED_EDGE('',*,*,#1945,.F.);
#2123 = CYLINDRICAL_SURFACE('',#2124,1.75);
#2124 = AXIS2_PLACEMENT_3D('',#2125,#2126,#2127);
#2125 = CARTESIAN_POINT('',(56.5,-146.,22.));
#2126 = DIRECTION('',(0.,0.,1.));
#2127 = DIRECTION('',(1.,0.,0.));
#2128 = ADVANCED_FACE('',(#2129),#2148,.F.);
#2129 = FACE_BOUND('',#2130,.F.);
#2130 = EDGE_LOOP('',(#2131,#2139,#2146,#2147));
#2131 = ORIENTED_EDGE('',*,*,#2132,.T.);
#2132 = EDGE_CURVE('',#1966,#2133,#2135,.T.);
#2133 = VERTEX_POINT('',#2134);
#2134 = CARTESIAN_POINT('',(56.29,-169.92,16.));
#2135 = LINE('',#2136,#2137);
#2136 = CARTESIAN_POINT('',(56.29,-169.92,22.));
#2137 = VECTOR('',#2138,1.);
#2138 = DIRECTION('',(-0.,-0.,-1.));
#2139 = ORIENTED_EDGE('',*,*,#2140,.T.);
#2140 = EDGE_CURVE('',#2133,#2133,#2141,.T.);
#2141 = CIRCLE('',#2142,1.75);
#2142 = AXIS2_PLACEMENT_3D('',#2143,#2144,#2145);
#2143 = CARTESIAN_POINT('',(54.54,-169.92,16.));
#2144 = DIRECTION('',(0.,0.,1.));
#2145 = DIRECTION('',(1.,0.,0.));
#2146 = ORIENTED_EDGE('',*,*,#2132,.F.);
#2147 = ORIENTED_EDGE('',*,*,#1965,.F.);
#2148 = CYLINDRICAL_SURFACE('',#2149,1.75);
#2149 = AXIS2_PLACEMENT_3D('',#2150,#2151,#2152);
#2150 = CARTESIAN_POINT('',(54.54,-169.92,22.));
#2151 = DIRECTION('',(0.,0.,1.));
#2152 = DIRECTION('',(1.,0.,0.));
#2153 = ADVANCED_FACE('',(#2154),#2173,.F.);
#2154 = FACE_BOUND('',#2155,.F.);
#2155 = EDGE_LOOP('',(#2156,#2164,#2171,#2172));
#2156 = ORIENTED_EDGE('',*,*,#2157,.T.);
#2157 = EDGE_CURVE('',#1986,#2158,#2160,.T.);
#2158 = VERTEX_POINT('',#2159);
#2159 = CARTESIAN_POINT('',(133.25,-146.,16.));
#2160 = LINE('',#2161,#2162);
#2161 = CARTESIAN_POINT('',(133.25,-146.,22.));
#2162 = VECTOR('',#2163,1.);
#2163 = DIRECTION('',(-0.,-0.,-1.));
#2164 = ORIENTED_EDGE('',*,*,#2165,.T.);
#2165 = EDGE_CURVE('',#2158,#2158,#2166,.T.);
#2166 = CIRCLE('',#2167,1.75);
#2167 = AXIS2_PLACEMENT_3D('',#2168,#2169,#2170);
#2168 = CARTESIAN_POINT('',(131.5,-146.,16.));
#2169 = DIRECTION('',(0.,0.,1.));
#2170 = DIRECTION('',(1.,0.,0.));
#2171 = ORIENTED_EDGE('',*,*,#2157,.F.);
#2172 = ORIENTED_EDGE('',*,*,#1985,.F.);
#2173 = CYLINDRICAL_SURFACE('',#2174,1.75);
#2174 = AXIS2_PLACEMENT_3D('',#2175,#2176,#2177);
#2175 = CARTESIAN_POINT('',(131.5,-146.,22.));
#2176 = DIRECTION('',(0.,0.,1.));
#2177 = DIRECTION('',(1.,0.,0.));
#2178 = ADVANCED_FACE('',(#2179),#2198,.F.);
#2179 = FACE_BOUND('',#2180,.F.);
#2180 = EDGE_LOOP('',(#2181,#2189,#2196,#2197));
#2181 = ORIENTED_EDGE('',*,*,#2182,.T.);
#2182 = EDGE_CURVE('',#2006,#2183,#2185,.T.);
#2183 = VERTEX_POINT('',#2184);
#2184 = CARTESIAN_POINT('',(146.148749,-116.499805,4.));
#2185 = LINE('',#2186,#2187);
#2186 = CARTESIAN_POINT('',(146.148749,-116.499805,10.));
#2187 = VECTOR('',#2188,1.);
#2188 = DIRECTION('',(-0.,-0.,-1.));
#2189 = ORIENTED_EDGE('',*,*,#2190,.T.);
#2190 = EDGE_CURVE('',#2183,#2183,#2191,.T.);
#2191 = CIRCLE('',#2192,1.748749);
#2192 = AXIS2_PLACEMENT_3D('',#2193,#2194,#2195);
#2193 = CARTESIAN_POINT('',(144.4,-116.499805,4.));
#2194 = DIRECTION('',(0.,0.,1.));
#2195 = DIRECTION('',(1.,0.,0.));
#2196 = ORIENTED_EDGE('',*,*,#2182,.F.);
#2197 = ORIENTED_EDGE('',*,*,#2005,.F.);
#2198 = CYLINDRICAL_SURFACE('',#2199,1.748749);
#2199 = AXIS2_PLACEMENT_3D('',#2200,#2201,#2202);
#2200 = CARTESIAN_POINT('',(144.4,-116.499805,10.));
#2201 = DIRECTION('',(0.,0.,1.));
#2202 = DIRECTION('',(1.,0.,0.));
#2203 = ADVANCED_FACE('',(#2204),#2223,.F.);
#2204 = FACE_BOUND('',#2205,.F.);
#2205 = EDGE_LOOP('',(#2206,#2214,#2221,#2222));
#2206 = ORIENTED_EDGE('',*,*,#2207,.T.);
#2207 = EDGE_CURVE('',#2026,#2208,#2210,.T.);
#2208 = VERTEX_POINT('',#2209);
#2209 = CARTESIAN_POINT('',(58.249236,-115.5,4.));
#2210 = LINE('',#2211,#2212);
#2211 = CARTESIAN_POINT('',(58.249236,-115.5,10.));
#2212 = VECTOR('',#2213,1.);
#2213 = DIRECTION('',(-0.,-0.,-1.));
#2214 = ORIENTED_EDGE('',*,*,#2215,.T.);
#2215 = EDGE_CURVE('',#2208,#2208,#2216,.T.);
#2216 = CIRCLE('',#2217,1.749236);
#2217 = AXIS2_PLACEMENT_3D('',#2218,#2219,#2220);
#2218 = CARTESIAN_POINT('',(56.5,-115.5,4.));
#2219 = DIRECTION('',(0.,0.,1.));
#2220 = DIRECTION('',(1.,0.,0.));
#2221 = ORIENTED_EDGE('',*,*,#2207,.F.);
#2222 = ORIENTED_EDGE('',*,*,#2025,.F.);
#2223 = CYLINDRICAL_SURFACE('',#2224,1.749236);
#2224 = AXIS2_PLACEMENT_3D('',#2225,#2226,#2227);
#2225 = CARTESIAN_POINT('',(56.5,-115.5,10.));
#2226 = DIRECTION('',(0.,0.,1.));
#2227 = DIRECTION('',(1.,0.,0.));
#2228 = ADVANCED_FACE('',(#2229),#2248,.F.);
#2229 = FACE_BOUND('',#2230,.F.);
#2230 = EDGE_LOOP('',(#2231,#2239,#2246,#2247));
#2231 = ORIENTED_EDGE('',*,*,#2232,.T.);
#2232 = EDGE_CURVE('',#2046,#2233,#2235,.T.);
#2233 = VERTEX_POINT('',#2234);
#2234 = CARTESIAN_POINT('',(146.049025,-26.,4.));
#2235 = LINE('',#2236,#2237);
#2236 = CARTESIAN_POINT('',(146.049025,-26.,10.));
#2237 = VECTOR('',#2238,1.);
#2238 = DIRECTION('',(-0.,-0.,-1.));
#2239 = ORIENTED_EDGE('',*,*,#2240,.T.);
#2240 = EDGE_CURVE('',#2233,#2233,#2241,.T.);
#2241 = CIRCLE('',#2242,1.749025);
#2242 = AXIS2_PLACEMENT_3D('',#2243,#2244,#2245);
#2243 = CARTESIAN_POINT('',(144.3,-26.,4.));
#2244 = DIRECTION('',(0.,0.,1.));
#2245 = DIRECTION('',(1.,0.,0.));
#2246 = ORIENTED_EDGE('',*,*,#2232,.F.);
#2247 = ORIENTED_EDGE('',*,*,#2045,.F.);
#2248 = CYLINDRICAL_SURFACE('',#2249,1.749025);
#2249 = AXIS2_PLACEMENT_3D('',#2250,#2251,#2252);
#2250 = CARTESIAN_POINT('',(144.3,-26.,10.));
#2251 = DIRECTION('',(0.,0.,1.));
#2252 = DIRECTION('',(1.,0.,0.));
#2253 = ADVANCED_FACE('',(#2254),#2273,.F.);
#2254 = FACE_BOUND('',#2255,.F.);
#2255 = EDGE_LOOP('',(#2256,#2264,#2271,#2272));
#2256 = ORIENTED_EDGE('',*,*,#2257,.T.);
#2257 = EDGE_CURVE('',#2066,#2258,#2260,.T.);
#2258 = VERTEX_POINT('',#2259);
#2259 = CARTESIAN_POINT('',(58.75,-26.,4.));
#2260 = LINE('',#2261,#2262);
#2261 = CARTESIAN_POINT('',(58.75,-26.,10.));
#2262 = VECTOR('',#2263,1.);
#2263 = DIRECTION('',(-0.,-0.,-1.));
#2264 = ORIENTED_EDGE('',*,*,#2265,.T.);
#2265 = EDGE_CURVE('',#2258,#2258,#2266,.T.);
#2266 = CIRCLE('',#2267,1.75);
#2267 = AXIS2_PLACEMENT_3D('',#2268,#2269,#2270);
#2268 = CARTESIAN_POINT('',(57.,-26.,4.));
#2269 = DIRECTION('',(0.,0.,1.));
#2270 = DIRECTION('',(1.,0.,0.));
#2271 = ORIENTED_EDGE('',*,*,#2257,.F.);
#2272 = ORIENTED_EDGE('',*,*,#2065,.F.);
#2273 = CYLINDRICAL_SURFACE('',#2274,1.75);
#2274 = AXIS2_PLACEMENT_3D('',#2275,#2276,#2277);
#2275 = CARTESIAN_POINT('',(57.,-26.,10.));
#2276 = DIRECTION('',(0.,0.,1.));
#2277 = DIRECTION('',(1.,0.,0.));
#2278 = ADVANCED_FACE('',(#2279),#2282,.T.);
#2279 = FACE_BOUND('',#2280,.T.);
#2280 = EDGE_LOOP('',(#2281));
#2281 = ORIENTED_EDGE('',*,*,#2090,.T.);
#2282 = PLANE('',#2283);
#2283 = AXIS2_PLACEMENT_3D('',#2284,#2285,#2286);
#2284 = CARTESIAN_POINT('',(97.5,-157.96,16.));
#2285 = DIRECTION('',(0.,0.,1.));
#2286 = DIRECTION('',(1.,0.,0.));
#2287 = ADVANCED_FACE('',(#2288),#2291,.T.);
#2288 = FACE_BOUND('',#2289,.T.);
#2289 = EDGE_LOOP('',(#2290));
#2290 = ORIENTED_EDGE('',*,*,#2115,.T.);
#2291 = PLANE('',#2292);
#2292 = AXIS2_PLACEMENT_3D('',#2293,#2294,#2295);
#2293 = CARTESIAN_POINT('',(97.5,-157.96,16.));
#2294 = DIRECTION('',(0.,0.,1.));
#2295 = DIRECTION('',(1.,0.,0.));
#2296 = ADVANCED_FACE('',(#2297),#2300,.T.);
#2297 = FACE_BOUND('',#2298,.T.);
#2298 = EDGE_LOOP('',(#2299));
#2299 = ORIENTED_EDGE('',*,*,#2140,.T.);
#2300 = PLANE('',#2301);
#2301 = AXIS2_PLACEMENT_3D('',#2302,#2303,#2304);
#2302 = CARTESIAN_POINT('',(97.5,-157.96,16.));
#2303 = DIRECTION('',(0.,0.,1.));
#2304 = DIRECTION('',(1.,0.,0.));
#2305 = ADVANCED_FACE('',(#2306),#2309,.T.);
#2306 = FACE_BOUND('',#2307,.T.);
#2307 = EDGE_LOOP('',(#2308));
#2308 = ORIENTED_EDGE('',*,*,#2165,.T.);
#2309 = PLANE('',#2310);
#2310 = AXIS2_PLACEMENT_3D('',#2311,#2312,#2313);
#2311 = CARTESIAN_POINT('',(97.5,-157.96,16.));
#2312 = DIRECTION('',(0.,0.,1.));
#2313 = DIRECTION('',(1.,0.,0.));
#2314 = ADVANCED_FACE('',(#2315),#2318,.T.);
#2315 = FACE_BOUND('',#2316,.T.);
#2316 = EDGE_LOOP('',(#2317));
#2317 = ORIENTED_EDGE('',*,*,#2190,.T.);
#2318 = PLANE('',#2319);
#2319 = AXIS2_PLACEMENT_3D('',#2320,#2321,#2322);
#2320 = CARTESIAN_POINT('',(100.54087347309,-70.99322789219,4.));
#2321 = DIRECTION('',(0.,0.,1.));
#2322 = DIRECTION('',(1.,0.,0.));
#2323 = ADVANCED_FACE('',(#2324),#2327,.T.);
#2324 = FACE_BOUND('',#2325,.T.);
#2325 = EDGE_LOOP('',(#2326));
#2326 = ORIENTED_EDGE('',*,*,#2215,.T.);
#2327 = PLANE('',#2328);
#2328 = AXIS2_PLACEMENT_3D('',#2329,#2330,#2331);
#2329 = CARTESIAN_POINT('',(100.54087347309,-70.99322789219,4.));
#2330 = DIRECTION('',(0.,0.,1.));
#2331 = DIRECTION('',(1.,0.,0.));
#2332 = ADVANCED_FACE('',(#2333),#2336,.T.);
#2333 = FACE_BOUND('',#2334,.T.);
#2334 = EDGE_LOOP('',(#2335));
#2335 = ORIENTED_EDGE('',*,*,#2240,.T.);
#2336 = PLANE('',#2337);
#2337 = AXIS2_PLACEMENT_3D('',#2338,#2339,#2340);
#2338 = CARTESIAN_POINT('',(100.54087347309,-70.99322789219,4.));
#2339 = DIRECTION('',(0.,0.,1.));
#2340 = DIRECTION('',(1.,0.,0.));
#2341 = ADVANCED_FACE('',(#2342),#2345,.T.);
#2342 = FACE_BOUND('',#2343,.T.);
#2343 = EDGE_LOOP('',(#2344));
#2344 = ORIENTED_EDGE('',*,*,#2265,.T.);
#2345 = PLANE('',#2346);
#2346 = AXIS2_PLACEMENT_3D('',#2347,#2348,#2349);
#2347 = CARTESIAN_POINT('',(100.54087347309,-70.99322789219,4.));
#2348 = DIRECTION('',(0.,0.,1.));
#2349 = DIRECTION('',(1.,0.,0.));
#2350 = ( GEOMETRIC_REPRESENTATION_CONTEXT(3) 
GLOBAL_UNCERTAINTY_ASSIGNED_CONTEXT((#2354)) 
GLOBAL_UNIT_ASSIGNED_CONTEXT((#2351,#2352,#2353)) REPRESENTATION_CONTEXT
('Context #1','3D Context with UNIT and UNCERTAINTY') );
#2351 = ( LENGTH_UNIT() NAMED_UNIT(*) SI_UNIT(.MILLI.,.METRE.) );
#2352 = ( NAMED_UNIT(*) PLANE_ANGLE_UNIT() SI_UNIT($,.RADIAN.) );
#2353 = ( NAMED_UNIT(*) SI_UNIT($,.STERADIAN.) SOLID_ANGLE_UNIT() );
#2354 = UNCERTAINTY_MEASURE_WITH_UNIT(LENGTH_MEASURE(5.E-06),#2351,
  'distance_accuracy_value','confusion accuracy');
#2355 = PRODUCT_RELATED_PRODUCT_CATEGORY('part',$,(#7));
#2356 = MECHANICAL_DESIGN_GEOMETRIC_PRESENTATION_REPRESENTATION('',(
    #2357),#2350);
#2357 = STYLED_ITEM('color',(#2358),#15);
#2358 = PRESENTATION_STYLE_ASSIGNMENT((#2359,#2365));
#2359 = SURFACE_STYLE_USAGE(.BOTH.,#2360);
#2360 = SURFACE_SIDE_STYLE('',(#2361));
#2361 = SURFACE_STYLE_FILL_AREA(#2362);
#2362 = FILL_AREA_STYLE('',(#2363));
#2363 = FILL_AREA_STYLE_COLOUR('',#2364);
#2364 = COLOUR_RGB('',0.447059003357,0.474510015008,0.501960993452);
#2365 = CURVE_STYLE('',#2366,POSITIVE_LENGTH_MEASURE(0.1),#2367);
#2366 = DRAUGHTING_PRE_DEFINED_CURVE_FONT('continuous');
#2367 = COLOUR_RGB('',9.803921802644E-02,9.803921802644E-02,
  9.803921802644E-02);
ENDSEC;
END-ISO-10303-21;
